--
-- PostgreSQL database dump
--

\restrict Yb8OXadImbHZVJCkzoqad4tbfemDydlD3pFnYRUrOviIPxi8TnLSqrxzDRBn0cW

-- Dumped from database version 18.3 (Homebrew)
-- Dumped by pg_dump version 18.3 (Homebrew)

SET statement_timeout = 0;
SET lock_timeout = 0;
SET idle_in_transaction_session_timeout = 0;
SET transaction_timeout = 0;
SET client_encoding = 'UTF8';
SET standard_conforming_strings = on;
SELECT pg_catalog.set_config('search_path', '', false);
SET check_function_bodies = false;
SET xmloption = content;
SET client_min_messages = warning;
SET row_security = off;

SET default_tablespace = '';

SET default_table_access_method = heap;

--
-- Name: articolo; Type: TABLE; Schema: public; Owner: postgres
--

CREATE TABLE public.articolo (
    id bigint NOT NULL,
    utente_id bigint NOT NULL,
    nome character varying(255) NOT NULL,
    descrizione text,
    prezzo_acquisto double precision,
    fornitore character varying(255),
    unita_misura character varying(50),
    data_acquisto date
);


ALTER TABLE public.articolo OWNER TO postgres;

--
-- Name: articolo_id_seq; Type: SEQUENCE; Schema: public; Owner: postgres
--

CREATE SEQUENCE public.articolo_id_seq
    START WITH 1
    INCREMENT BY 1
    NO MINVALUE
    NO MAXVALUE
    CACHE 1;


ALTER SEQUENCE public.articolo_id_seq OWNER TO postgres;

--
-- Name: articolo_id_seq; Type: SEQUENCE OWNED BY; Schema: public; Owner: postgres
--

ALTER SEQUENCE public.articolo_id_seq OWNED BY public.articolo.id;


--
-- Name: cliente; Type: TABLE; Schema: public; Owner: postgres
--

CREATE TABLE public.cliente (
    id bigint NOT NULL,
    utente_id bigint NOT NULL,
    nome character varying(255) NOT NULL,
    email character varying(255),
    telefono character varying(50),
    partita_iva character varying(50)
);


ALTER TABLE public.cliente OWNER TO postgres;

--
-- Name: cliente_id_seq; Type: SEQUENCE; Schema: public; Owner: postgres
--

CREATE SEQUENCE public.cliente_id_seq
    START WITH 1
    INCREMENT BY 1
    NO MINVALUE
    NO MAXVALUE
    CACHE 1;


ALTER SEQUENCE public.cliente_id_seq OWNER TO postgres;

--
-- Name: cliente_id_seq; Type: SEQUENCE OWNED BY; Schema: public; Owner: postgres
--

ALTER SEQUENCE public.cliente_id_seq OWNED BY public.cliente.id;


--
-- Name: preventivo; Type: TABLE; Schema: public; Owner: postgres
--

CREATE TABLE public.preventivo (
    id bigint NOT NULL,
    utente_id bigint NOT NULL,
    invoice_number bigint NOT NULL,
    date character varying(50),
    from_name character varying(255),
    from_email character varying(255),
    from_piva character varying(50),
    to_name character varying(255),
    to_email character varying(255),
    to_piva character varying(50),
    tax_rate double precision,
    subtotal double precision,
    tax_amount double precision,
    discount double precision,
    total double precision
);


ALTER TABLE public.preventivo OWNER TO postgres;

--
-- Name: preventivo_id_seq; Type: SEQUENCE; Schema: public; Owner: postgres
--

CREATE SEQUENCE public.preventivo_id_seq
    START WITH 1
    INCREMENT BY 1
    NO MINVALUE
    NO MAXVALUE
    CACHE 1;


ALTER SEQUENCE public.preventivo_id_seq OWNER TO postgres;

--
-- Name: preventivo_id_seq; Type: SEQUENCE OWNED BY; Schema: public; Owner: postgres
--

ALTER SEQUENCE public.preventivo_id_seq OWNED BY public.preventivo.id;


--
-- Name: preventivo_item; Type: TABLE; Schema: public; Owner: postgres
--

CREATE TABLE public.preventivo_item (
    id character varying(255) NOT NULL,
    preventivo_id bigint NOT NULL,
    description text,
    quantity double precision,
    unita_misura character varying(50),
    rate double precision,
    amount double precision
);


ALTER TABLE public.preventivo_item OWNER TO postgres;

--
-- Name: utente; Type: TABLE; Schema: public; Owner: postgres
--

CREATE TABLE public.utente (
    id bigint NOT NULL,
    ruolo character varying(50) DEFAULT 'FALEGNAME'::character varying,
    email character varying(255) NOT NULL,
    password character varying(255) NOT NULL,
    nome character varying(255),
    nome_azienda character varying(255),
    nome_titolare character varying(255),
    cognome_titolare character varying(255),
    telefono character varying(50),
    partita_iva character varying(50),
    codice_fiscale character varying(50),
    indirizzo character varying(255),
    citta character varying(100),
    cap character varying(20),
    provincia character varying(20),
    logo_base64 text
);


ALTER TABLE public.utente OWNER TO postgres;

--
-- Name: utente_id_seq; Type: SEQUENCE; Schema: public; Owner: postgres
--

CREATE SEQUENCE public.utente_id_seq
    START WITH 1
    INCREMENT BY 1
    NO MINVALUE
    NO MAXVALUE
    CACHE 1;


ALTER SEQUENCE public.utente_id_seq OWNER TO postgres;

--
-- Name: utente_id_seq; Type: SEQUENCE OWNED BY; Schema: public; Owner: postgres
--

ALTER SEQUENCE public.utente_id_seq OWNED BY public.utente.id;


--
-- Name: articolo id; Type: DEFAULT; Schema: public; Owner: postgres
--

ALTER TABLE ONLY public.articolo ALTER COLUMN id SET DEFAULT nextval('public.articolo_id_seq'::regclass);


--
-- Name: cliente id; Type: DEFAULT; Schema: public; Owner: postgres
--

ALTER TABLE ONLY public.cliente ALTER COLUMN id SET DEFAULT nextval('public.cliente_id_seq'::regclass);


--
-- Name: preventivo id; Type: DEFAULT; Schema: public; Owner: postgres
--

ALTER TABLE ONLY public.preventivo ALTER COLUMN id SET DEFAULT nextval('public.preventivo_id_seq'::regclass);


--
-- Name: utente id; Type: DEFAULT; Schema: public; Owner: postgres
--

ALTER TABLE ONLY public.utente ALTER COLUMN id SET DEFAULT nextval('public.utente_id_seq'::regclass);


--
-- Data for Name: articolo; Type: TABLE DATA; Schema: public; Owner: postgres
--

COPY public.articolo (id, utente_id, nome, descrizione, prezzo_acquisto, fornitore, unita_misura, data_acquisto) FROM stdin;
1	1	Cerniera ammortizzata Blum	Cerniera a scodellino con chiusura soft-close integrata, apertura 110 gradi.	2.5	Blum Italia	pz	2026-03-01
2	1	Guida estrazione totale 50cm	Coppia di guide per cassetti ad estrazione totale con portata 30kg.	12	Salice	coppia	2026-03-02
3	1	Vernice poliuretanica trasparente	Finitura poliuretanica bicomponente opaca (20 gloss) per interni.	18.5	Renner	litro	2026-02-15
4	1	Tavole Rovere Massello 30mm	Tavolame di rovere massello prima scelta, essiccato al 10%.	120	Legnami Spa	mq	2026-01-20
5	1	Viti truciolari 4x35	Viti per legno a testa svasata impronta torx, zincate.	5.5	Wurth	confezione	2026-03-10
6	1	Colla vinilica D3	Colla vinilica resistente all'umidità per incollaggi strutturali.	4.2	Vinavil	kg	2026-02-28
7	1	Pannello MDF 18mm	Pannello in fibra di medio spessore, formato 280x207 cm.	15	Bricolegno	mq	2026-03-05
8	1	Maniglia acciaio satinato	Maniglia per ante e cassetti, interasse fori 160mm.	4.8	Hafele	pz	2026-03-12
9	1	Stucco per legno Rovere	Stucco in pasta pronto all'uso per ripristino difetti del legno.	3.5	Veleca	pz	2026-02-10
10	1	Carta abrasiva grana 120	Rotolo di carta abrasiva telata, altezza 115mm.	25	Mirka	rotolo	2026-01-25
11	2	Pannello truciolare nobilitato Noce	Pannello truciolare rivestito in melaminico finitura noce scuro, spessore 18mm.	12.5	Saviola	mq	2026-03-01
12	2	Bordo ABS Noce 22mm	Bordo in plastica ABS precollato per pannelli spessore 18mm.	0.8	Ostermann	ml	2026-03-02
13	2	Cerniera 180 gradi	Cerniera speciale per apertura totale dell'anta.	3.2	FGV	pz	2026-02-18
14	2	Tubo appendiabiti cromato	Tubo ovale per armadi in acciaio cromato.	4.5	Hafele	ml	2026-02-20
15	2	Reggitubo laterale	Supporto laterale per tubo appendiabiti ovale.	0.4	Hafele	pz	2026-02-20
16	2	Impregnante all'acqua Noce scuro	Impregnante ceroso per protezione legno in esterni.	14	Sayelack	litro	2026-03-05
17	2	Fondo turapori	Fondo riempitivo poliuretanico per preparazione alla verniciatura.	11.5	Sayelack	litro	2026-03-05
18	2	Spina in faggio 8x40	Spine zigrinate in legno di faggio per giunzioni, busta da 1000 pz.	18	Wurth	confezione	2026-01-10
19	2	Serratura a cilindro	Serratura da infilare per cassetti con doppia chiave.	6.5	Cisa	pz	2026-03-15
20	2	Piedino regolabile	Piedino in plastica nera per basi cucina, altezza 10-15cm.	1.2	Volpato	pz	2026-03-16
21	3	Top cucina laminato HPL	Piano di lavoro idrorepellente spessore 4cm, finitura finta pietra.	45	TopLine	ml	2026-03-10
22	3	Alzatina top cucina	Profilo alzatina in alluminio con guarnizione.	8.5	Volpato	ml	2026-03-10
23	3	Zoccolo cucina PVC	Zoccolo di finitura inferiore in PVC rivestito alluminio, altezza 12cm.	6	Volpato	ml	2026-03-11
24	3	Silicone antimuffa trasparente	Sigillante siliconico acetico per sanitari e cucine.	4.5	Mapei	pz	2026-02-25
25	3	Schiuma poliuretanica	Schiuma espansa per riempimento e fissaggio telai.	6.8	Soudal	pz	2026-02-26
26	3	Listello abete piallato 4x4cm	Morale in legno di abete piallato sui 4 lati per sottostrutture.	2.2	Legnami Spa	ml	2026-01-30
27	3	Vernice laccata bianca RAL 9010	Smalto poliuretanico lucido per laccatura mobili.	22	Milesi	kg	2026-03-05
28	3	Catalizzatore per laccato	Indurente per vernice poliuretanica (rapporto 1:2).	16	Milesi	litro	2026-03-05
29	3	Pistone a gas 80N	Braccetto ammortizzatore per ante a ribalta (vasistas).	3.8	Kraby	pz	2026-03-20
30	3	Viti per cartongesso 3.5x35	Viti fosfatate nere per fissaggio su profili.	4	Wurth	confezione	2026-03-21
\.


--
-- Data for Name: cliente; Type: TABLE DATA; Schema: public; Owner: postgres
--

COPY public.cliente (id, utente_id, nome, email, telefono, partita_iva) FROM stdin;
1	1	Domenico Santagada	d@d	3276953877	SNTDNC00H18D086Z
2	1	Mario Rossi	m@r	45362775645	MRSSRI4839DFJW83
3	3	Domenico Santagada	d@d	3276953877	SNTDNC00H18D086Z
4	3	Mario Rossi	m@r	45362775645	MRSSRI4839DFJW83
5	2	Domenico Santagada	d@d	3276953877	SNTDNC00H18D086Z
6	2	Mario Rossi	m@r	45362775645	MRSSRI4839DFJW83
\.


--
-- Data for Name: preventivo; Type: TABLE DATA; Schema: public; Owner: postgres
--

COPY public.preventivo (id, utente_id, invoice_number, date, from_name, from_email, from_piva, to_name, to_email, to_piva, tax_rate, subtotal, tax_amount, discount, total) FROM stdin;
2	1	2	2026-03-23	Falegnameria Santagada	f@s	IT74328895S58	Mario Rossi	m@r	MRSSRI4839DFJW83	22	4500	990	90	5400
3	3	1	2026-03-24	Style House	s@h	ITP4567ITG453	Domenico Santagada	d@d	SNTDNC00H18D086Z	22	3825	841.5	0	4666.5
4	3	2	2026-03-25	Style House	s@h	ITP4567ITG453	Mario Rossi	m@r	MRSSRI4839DFJW83	22	1705	375.1	0	2080.1
5	2	1	2026-03-26	Idee Legno Snc	i@i		Domenico Santagada	d@d	SNTDNC00H18D086Z	22	2400	528	0	2928
6	2	2	2026-03-27	Idee Legno Snc	i@i		Mario Rossi	m@r	MRSSRI4839DFJW83	22	5200	1144	0	6344
1	1	1	2026-03-13	Falegnameria Santagada	f@s	IT74328895S58	Domenico Santagada	d@d	SNTDNC00H18D086Z	22	5400	1188	88	6500
\.


--
-- Data for Name: preventivo_item; Type: TABLE DATA; Schema: public; Owner: postgres
--

COPY public.preventivo_item (id, preventivo_id, description, quantity, unita_misura, rate, amount) FROM stdin;
1774298914269	2	Restauro della pavimentazione in parquet esistente, mediante processo di levigatura profonda e calibrata, accurata stuccatura delle imperfezioni e fessurazioni, seguita da carteggiatura di affinamento. La finitura prevede l'applicazione di due mani di vernice poliuretanica opaca, caratterizzata da elevata resistenza all'usura e al calpestio.	1	corpo	2500	2500
1774298953437	2	Progettazione e realizzazione di un tavolo su misura con piano in rovere massello di prima scelta, dimensioni 200x90 cm, caratterizzato da bordi a profilo naturale. La superficie sarà trattata con finitura ad olio protettivo, dall'aspetto opaco. Il basamento, di tipo a crociera, sarà in ferro verniciato a polvere nero micaceo.	1	corpo	1500	1500
1774299032076	2	Il servizio comprende il trasporto accurato al sito di installazione e la messa in opera professionale, con fissaggio e regolazione di precisione per un risultato ottimale.	1	pz	500	500
1774299032080	3	Realizzazione di cucina lineare (lunghezza 4,5 metri) con scocche in multistrato bilaminato idrofugo e ante in laccato lucido. Comprensiva di top in legno massello e ferramenta Blum.	4.5	ml	850	3825
1774299032081	4	Realizzazione su dima e posa di pedate e alzate per rivestimento scala in muratura esistente. Materiale: faggio evaporato spessore 4 cm, levigato e trattato con vernice trasparente.	15	pz	95	1425
1774299032082	4	Ore di manodopera specializzata per interventi di aggiustamento in cantiere e rifilatura vecchi infissi.	8	h	35	280
1774299032090	5	Progettazione e realizzazione di mobile per soggiorno su misura in listellare di noce tanganica. Finitura naturale con verniciatura ecologica all'acqua. Maniglie a gola fresate nelle ante.	1	pz	2100	2100
1774299032091	5	Servizio di trasporto al piano e montaggio a regola d'arte.	1	corpo	300	300
1774299032092	6	Fornitura e posa in opera di infissi in legno lamellare di pino, spessore 68mm, completi di vetrocamera basso emissivo con gas argon. Colore laccato bianco RAL 9010.	4	pz	1100	4400
1774299032093	6	Smontaggio e smaltimento dei vecchi infissi presso discarica autorizzata.	4	pz	200	800
1774298720004	1	Realizzazione e posa in opera di armadio a muro su misura in legno tamburato, finitura laccato opaco bianco. Comprensivo di cassettiere interne, tubi appendiabiti e cerniere ammortizzate.	1	pz	1850	1850
1774298743813	1	Fornitura e montaggio di porte interne in laminato effetto rovere sbiancato, modello a battente cieca, complete di telaio, coprifili, serratura magnetica e maniglia in acciaio satinato.	5	pz	470	2350
1774298762724	1	Costruzione di libreria a giorno in legno massello di frassino, dimensioni 250x220 cm, spessore mensole 3 cm. Trattamento protettivo con vernice all'acqua trasparente.	1	pz	1200	1200
\.


--
-- Data for Name: utente; Type: TABLE DATA; Schema: public; Owner: postgres
--

COPY public.utente (id, ruolo, email, password, nome, nome_azienda, nome_titolare, cognome_titolare, telefono, partita_iva, codice_fiscale, indirizzo, citta, cap, provincia, logo_base64) FROM stdin;
4	CLIENTE	d@d	111111	Domenico Santagada	\N	\N	\N	\N	\N	\N	\N	\N	\N	\N	\N
5	CLIENTE	m@r	111111	Mario Rossi	\N	\N	\N	\N	\N	\N	\N	\N	\N	\N	\N
1	FALEGNAME	f@s	111111	Falegnameria Santagada	Falegnameria Santagada	Dionisio	Santagada	3456453453	IT74328895S58	IT74328895S58	Via Melito, 464	Cerchiara Di Calabria	87070	CS	data:image/png;base64,iVBORw0KGgoAAAANSUhEUgAAAwEAAAE1CAYAAAC/a+yHAAAGHmlUWHRYTUw6Y29tLmFkb2JlLnhtcAAAAAAAPD94cGFja2V0IGJlZ2luPSLvu78iIGlkPSJXNU0wTXBDZWhpSHpyZVN6TlRjemtjOWQiPz4KPHg6eG1wbWV0YSB4bWxuczp4PSJhZG9iZTpuczptZXRhLyIgeDp4bXB0az0iWE1QIENvcmUgNS41LjAiPgogPHJkZjpSREYgeG1sbnM6cmRmPSJodHRwOi8vd3d3LnczLm9yZy8xOTk5LzAyLzIyLXJkZi1zeW50YXgtbnMjIj4KICA8cmRmOkRlc2NyaXB0aW9uIHJkZjphYm91dD0iIgogICAgeG1sbnM6eG1wPSJodHRwOi8vbnMuYWRvYmUuY29tL3hhcC8xLjAvIgogICAgeG1sbnM6cGhvdG9zaG9wPSJodHRwOi8vbnMuYWRvYmUuY29tL3Bob3Rvc2hvcC8xLjAvIgogICAgeG1sbnM6ZGM9Imh0dHA6Ly9wdXJsLm9yZy9kYy9lbGVtZW50cy8xLjEvIgogICAgeG1sbnM6ZXhpZj0iaHR0cDovL25zLmFkb2JlLmNvbS9leGlmLzEuMC8iCiAgICB4bWxuczp0aWZmPSJodHRwOi8vbnMuYWRvYmUuY29tL3RpZmYvMS4wLyIKICAgIHhtbG5zOnhtcE1NPSJodHRwOi8vbnMuYWRvYmUuY29tL3hhcC8xLjAvbW0vIgogICAgeG1sbnM6c3RFdnQ9Imh0dHA6Ly9ucy5hZG9iZS5jb20veGFwLzEuMC9zVHlwZS9SZXNvdXJjZUV2ZW50IyIKICAgeG1wOkNyZWF0ZURhdGU9IjIwMjYtMDItMjNUMTI6NDk6MzErMDE6MDAiCiAgIHhtcDpNb2RpZnlEYXRlPSIyMDI2LTAyLTIzVDE4OjExOjIzKzAxOjAwIgogICB4bXA6TWV0YWRhdGFEYXRlPSIyMDI2LTAyLTIzVDE4OjExOjIzKzAxOjAwIgogICBwaG90b3Nob3A6RGF0ZUNyZWF0ZWQ9IjIwMjYtMDItMjNUMTI6NDk6MzErMDE6MDAiCiAgIHBob3Rvc2hvcDpDb2xvck1vZGU9IjMiCiAgIHBob3Rvc2hvcDpJQ0NQcm9maWxlPSJzUkdCIElFQzYxOTY2LTIuMSIKICAgZXhpZjpQaXhlbFhEaW1lbnNpb249Ijc2OSIKICAgZXhpZjpQaXhlbFlEaW1lbnNpb249IjMwOSIKICAgZXhpZjpDb2xvclNwYWNlPSIxIgogICB0aWZmOkltYWdlV2lkdGg9Ijc2OSIKICAgdGlmZjpJbWFnZUxlbmd0aD0iMzA5IgogICB0aWZmOlJlc29sdXRpb25Vbml0PSIyIgogICB0aWZmOlhSZXNvbHV0aW9uPSI5Ni8xIgogICB0aWZmOllSZXNvbHV0aW9uPSI5Ni8xIj4KICAgPGRjOmNyZWF0b3I+CiAgICA8cmRmOlNlcT4KICAgICA8cmRmOmxpPkRvbWVuaWNvIFNhbnRhZ2FkYTwvcmRmOmxpPgogICAgPC9yZGY6U2VxPgogICA8L2RjOmNyZWF0b3I+CiAgIDxkYzp0aXRsZT4KICAgIDxyZGY6QWx0PgogICAgIDxyZGY6bGkgeG1sOmxhbmc9IngtZGVmYXVsdCI+bG9nb19mYWxlZ25hbWVyaWE8L3JkZjpsaT4KICAgIDwvcmRmOkFsdD4KICAgPC9kYzp0aXRsZT4KICAgPHhtcE1NOkhpc3Rvcnk+CiAgICA8cmRmOlNlcT4KICAgICA8cmRmOmxpCiAgICAgIHN0RXZ0OmFjdGlvbj0icHJvZHVjZWQiCiAgICAgIHN0RXZ0OnNvZnR3YXJlQWdlbnQ9IkFmZmluaXR5IDMuMC4wIgogICAgICBzdEV2dDp3aGVuPSIyMDI2LTAyLTIzVDE4OjExOjIzKzAxOjAwIi8+CiAgICA8L3JkZjpTZXE+CiAgIDwveG1wTU06SGlzdG9yeT4KICA8L3JkZjpEZXNjcmlwdGlvbj4KIDwvcmRmOlJERj4KPC94OnhtcG1ldGE+Cjw/eHBhY2tldCBlbmQ9InIiPz4dzxo/AAABgWlDQ1BzUkdCIElFQzYxOTY2LTIuMQAAKJF1kd8rg1EYxz/baGJCVly4WBpXaKYWN8qWRi2tmfLrZnv3S+3H2/tuablVbhUlbvy64C/gVrlWikjJtVwSN+j1vKYm2XN6zvM533Oep3OeA9ZoVsnpdR7I5YtaJOh3zc7Nu+xPWOmgjUacMUVXx8LhEDXt7QaLGa/6zVq1z/1rTYmkroClQXhUUbWi8IRwaLmomrwp7FQysYTwsXCfJhcUvjb1eIUfTU5X+MNkLRoJgLVV2JX+xfFfrGS0nLC8HHcuW1J+7mO+xJHMz0xL7BbvQidCED8uJhkngI9BRmT20Y+XAVlRI9/znT9FQXIVmVXKaCyRJkORPlFLUj0pMSV6UkaWstn/v33VU0PeSnWHH+ofDOOlB+wb8LluGO/7hvF5ALZ7OMtX8wt7MPwq+npVc+9CyyqcnFe1+BacrkHnnRrTYt+STdyaSsHzETTPQfslNC5Uevazz+EtRFfkqy5gewd65XzL4hcfTGfFhjZ4VgAAAAlwSFlzAAAOxAAADsQBlSsOGwAAIABJREFUeJzs3Xe4JEXVwOHfssuhyEgS12UliKgoBqJ8iKCIimQkCYKAKFGSihEFxUSQrIAEEclBclBwRUyYMCFK0mVdUAEJAsWBZb8/qi47t+90Terp6Z457/PcB+50TXft7r09XVWnzpk0fdrUuRhjjDHGGGNGxSHzDboHxhhjjDHGmHLZIMAYY4wxxpgRY4MAY4wxxhhjRowNAowxxhhjjBkxNggwxhhjjDFmxNggwBhjjDHGmBFjgwBjjDHGGGNGjA0CjDHGGGOMGTE2CDDGGGOMMWbETAEOAiYNuiPGGGOMMcaYUvx40B0wxhhjjDHGGGOMMcYYY4wxxhhjjDHGGGOMMcYYY4wxxhhjjDHGGGOMMcYYY4wxxhhjjDHGGGOMMcYYY4wxxhhjjDHGGGOMMcYYY4wxxhhjjDHGGGOMMcYYY4wxxhhjjDHGGGOMMcYYY4wxxhhjjDHGGGOMMcYYY4wxxhhjjDHGGGOMMcYYY4wxxhhjjDHGGGOMMcYYY4wxxhhjjDHGGGOMMcYYY4wxxhhjjDHGGGOMMcYYY4wxxhhjjDHGGGOMMcYYY4wxxhhjjDHGGGOMMcYYY4wxxhhjjDHGGGOMMcYYY4wxxhhjjDHGGGOMMcYYY4wxxhhjjDHGGGOMMcYYY4wxxhhjjDHGGGOMMcYYY4wxxhhjjDHGGGOMMcYYY4wxxhhjjDFmUJzIAk5k4UH3wxhjmnEik53I4oPuhzFm+DiRhZyIG3Q/qm7KoDtg+ubbwLpOZFWv+sKgO2NGmxNZDJgKLNPwJcBDwINjX1716YF10pRtd+A0J7KyV/37oDtjjBkOTmQS8BNgNrD5gLtTaZMG3YF+cSJ7Eh40iuC96vEFnavvnMjywH2EQd5WXvXKAXepY05kGrBLw0uzveq5g+pPp5zIEsDefTr9DK/6iz6duxBORIC3AJvErzVo737zZ+D78es3XnVu3zpZECeyPrCQV72phGutC2zY8NLNXvVX/b5u0ZzIfIR/61cDx3vVgwfcpZ45kWWAN5Xxc5Dow47AJV51zqD6kFXwZ3GjgXwmOJF3AGslmswBHgP+2+S/j1fp3ybLiawKbN3w0h+96rWD6k+3nMhGwC3x29d41bsG2Z8qG+ZBwB+A1xd0uke96lIFnavvnMjRwMfit7d61bcNsj/dcCLrAT9teOkXXvUtg+pPp5zIioSBWD980qt+rU/n7kmc8T84fvUa6jELuAT4uld9qNe+9YsT+QLwKWBjr/qTPl/rE0Djv/1BXvWEfl6zH5zIZsDV8dv/AdO86uMD7FLPnMi7gXOAlQaxouVEXgHcDaziVf9R9vXzFPxZ3GggnwlO5DjC/a1bTxIGwN8ALveqzxfSsQI4kW2BSxteOser7j6o/nTLiVwLbBq/Pc2r9mtCrvbmG3QHTLHiQ9iHG17awImsOaj+mNHgRBZ2IocB9wNfoPcBAMA0woftPU7k805kkQLO2S8CfD/OpJnWDm34/0WADw2qIwV6JfBSxt9/y3QYMD+wyoCub9qzKLAucBHwVyeynxNZaMB9GhpO5LXMGwAA7OZElh5Uf6rOBgHD50PAYpnXDhlER8xoiA++vwO+CiyZ02wuMBP4EWG/yueArwPfA2YA9yYusTBhYHG3E9krhpJU0ZLAdTEsxOSIkxIbZl4+0InMP4DuFOmV8b+HOZEFy7ywE3k5sGemH6b6VgJOBn7lRJYbdGeGRPZ5xwH7DKIjdTBKG4OPAh7p8r2+yI70S/wQPajJoe2dyGFe9YGy+2Re9BDhobcItxV0np45kXcRZrTyZv7/BHwLOK9VuEcMZ9gK2AZ4KxPDFZcDTgfe40R286pP9tL3PlkJuNKJvMOrPjPozlTUoU1eWx7YFriw5L4UaezheznCA/nJJV77E4TVKKj+SkAvn8WNHizgHEU4F7g159j8wLKEFaLlCD/nzfYTvBaY4UTW9qpP9KWXIyAOpD7Q5ND+TuRor1qLZ7kyjdIg4Eyvev+gO9Fn7yPcZLImAx8FPl5ud0yD/3jVbwy6E0VyIvsBJ9J8RfFC4CTg5+1u7o1xzCcAJziRlxHi7Pdh4n1qa+BVTmRLr5paQRiUtwDfcSI7Wmau8eJAb7ucw4c6kYvqsBk8R+PD9yedyBle9dl+XzQ++DSGIFV9EDBsn8W3edUz223sRFYirNjvQRgcjFkV+CJwYLHdGyn7MW8w3GhZ4P3AWeV2p/qquqxuOhRTYn0s0eTDTmTRsvpjhlvcQHYyE+8hDwObe9WdvOrPun2g86oPetWPAqsBlzdpshphCX3jbs5fgu2ALw+6ExV0IGFSopk1gfVL7EthnMgUYMWGl15OeMgrw8cIIQ9jLByowrzqfV7108BrgL9mDu9v+4q6E+si7Ztockh8TjINbBAwPDYE3px5rTFDxWKU96FkhpgTeSNhCTzrRuD1XvWaoq7lVf/mVbcFNmZiCMFLCKFDVXWYExnUJtHKiWlz98q8nM2iU9f9S8sTQj8afcqJLNDPi8b9J9l455WdSN5Ay1SEV/0vsBnj72vzATsOpke190HG70l7lrAXbcxqwDvL7FAd2CBgeGRXAX5ECK1odFCcsTKmK05kWeBKIJvN4mvApv1K5elVbybE0v6x4eUTCcu/VXZqTB1pQshKY4anJ4BdM222dCJVD2dpptns+/LAbn2+7iFM/F0UQmYtU3Fe9R5C2GSjbQfRlzqLg97sBMKZhM+qRs32I400GwQMgSYpsQCOIYRrPNfw2gqEjZfGdOsrwPTMa1cAn+53/HuMI16PEB50NCFHftXjxycDFzuR1QfdkUGKxeM+mnn5NMK/ZePAbhL1jInOG7h8ul9Zj5zIUsD+HfbHVM9vM9+vYmErHduSkJRhzFxCHYZjM+02cSKvK61XNWCDgOGQHQHfCdzgVWcD57doa0xbnMhqhCXXRn8CditrA6xX/R9hA/xhFR4AzGB8mMuiwLVOZOpgulMJOxDi5Mc8D5wY/w2Py7Td3YnkpZqtqrw4/FcwcbWjKAcyfmWlke0LqI/fZb53wBKD6EiNZSMhroirLD8Fbs8cq3118iLZIKDmclJiHdvwUJYdCb/FidSm8q6plC8z/p7xOLBV2ak6vercCg8AAO4gxPU2DoymAddUvOBZX+QkLbjAq84a+39CCt0xCwEfKaNvBWp86P4f4//tP1P0akDcX9G4YjIn08RWAuojuy9mLuNX8E2CE1mPkJGt0TEQPiuY+Ay0i9VkmMcGAfWXTYn1EKEAEwBe9Y/ATZn32GqA6UjcDLxF5uWTKpqic+C86tVMDH95E3DhCO7LeQeQDYd68YM5ptE8MXP8gBhCVBeNg4A7CAObMSsCOxd8vY8yvijkSYwfCNggoD7elPn+rrjiadqTjfP/mVf9ecP3lwN/b/heSGcRGik2CKixnJRYJzbJTZ0dCW/jRFbEmPZtnfn+OeCbg+hIXXjVU5j4u/deQh2EUYr5za4C/MCr/j7z2mmMnxF9GSGEqPLipsSVG166F/gS4zOTfKaowZ8TWYzxRSGfIVTrntnwmoUD1Uc2q192j4DJ4UReycTPpqMbv/GqzwPHZ9rsW3ZV76qyQUC9fZDxKbGeInyYZv2A8Zvv5qOem+/M4GyW+f6iuOfEpH0CuCzz2r6MSFxq3BD9rszLx2TbedVHmVjI59CaDJamMX419j6vehehkvaYV1Jc6sf9COlxx3zLq/6LMPgYY2lCa8CJLA7snnnZBgHtO5jxleXvBq5u0u4sQvjqmKXo316dWrFBQE3lpcSKH6bj5MTF7RnjSo1JciIvZ+JsVTZ8wzQR9+Z8APh55tAxTiQ7gzWMsveoPxAmJZo5nvGz528ANupHpwqWnXUfexjPrgZ8ttcH87inpPHv9FnmzXw2DgIsTWjFxZWhiwlFwxrdNoDu1E7MjpUdQB3nVbP7Y4j71rITpAc7kZF/Bh6l2NQ1nMjLunzv8141u8N80LIpsV5g4pJXowsI6R3H/g4WIZQunzArZ/pi4biBqQh3NRvs9VF205Vis1Vt86rPOJEtCQOBsbCRScD3nMiGFby3FCJmQ3p/5uVj8jZ1e9V7ncgVjC8AdwhwS5+6WJTsIOA+AK/6ZydyKaF6NMCqwPaM3y/Qqb2BpRu+P92rPhj/P7s/ZxXgHz1cq196+Sxu9O+YAaZW4sP/ewmr8dlB7mXDej/og32AxpCeh2lexHLMSYT7ydhz76rAe4Br+9K7mhilQcAlPbz3UcLyUZVk42wvjXnUm/Kq6kROImR4GXOgEznBq1omgv5biZCurAhb0HzJs1+ymRTubzbbYvJ51f84kU0JA4GxEL4FgaudyLqp390aO4DxVXT/yfgQmWaOYfwg4L1O5DVe9S9Fd65AeSsBAF9k3iAA4HNO5KJuUuo6kYUYf99X4OsN39/XpF8/7PQ6Jejls7jRWcCeBZ2rF9MSdUAcsEzD1zTCz0OzQdCDjEiYYK+ciCPcXxqd4lWzmZZe5FVnOZELGJ9N8VBGfBAw8kshdZRKidXCaYR9A2OmEXKuG5OSHQRYRqAueNW/EQZwjRv3lyXUEHhJ83fVUwxb2Tvz8gleVVPvi1k9sqFTBzVrWyGNmXieAv4z9k3MznZ5w/HX0P09dy/gpQ3fn9mQZhWarwSY/jsc+H3O1y+Ba4CzCQO2j9J8APAQsJFXfaCMDg+BXQj3zjEeOKWN92XDojdyItnsTCPFBgH1lE2J9WOv+qtWb8rZfHdITTbfmcHJDgKyM46mTV71p0zckPYa4LKapcRsZQ/GFzx6Eji9zfdmP6h3dSLLFNKr/mhcCbi3SbjTFzPff67TWOQ483lYw0vPETICNbJBQD1dDqzhVf866I7UQfzdye41Oser/qdZ+0YxK9nNmZdHevVllMKBfsD4WfBOVCZnb05KrE7i+o8nZJcY+xBaE3grcGvvvTMJjwFXFXSuWa2bFCqbSu2Zkq8/VLzqxU5kBeBrDS9vBJzhRD5Y8UJoLcWY5+wH6xle9fFm7Zv4PmGgObbnyRHif48spofFiQ8kjelBJwyQveodTuRKwj4ugNcR7uHZrFEpezB+Bvkcr9qYEhSv+qQT+Q8h7ASqmyb0CsKgsFc/K+Acg/Is4ef82161iiFbVfYexm+mngt8o4P3H0uoXTJmJyfyKa/6zyI6VzejNAj4yJDE3WZTYt0FXNfum73qfU7kcsYvSR+CDQL67QGvutugO9Glf2W+L7zaohM5hbBZrhd7etXsLE9VHU0oItUYMrMrYTa3cg+7HdoGWKHh+znACe2+2avOcSLfIGzkG7OfE/m6V/XFdLEwUwmDlDF5q2RHMm8QAHC4E7minb0BcYXokw0vzSEkeWjmPuYNAlZ2IpMruH/n0CH5LB7zO+B+wobtDTLH7gFuIIT7PNjwdZ9XfaLMTg6R7H7IK2OoZbtuAO4EXhu/nwLsD3yqgL7VzigNAmovJyXWP4CDXGeRBNmVjS2cyCpe9e5e+meGVnYQUERmj6xlgFf0eI7afKh61blO5ABgOrBpw6EjnMh9XvW8AXWtJzG0MPsh/XfgfR3eoxbOfL8sIdNQNpxx0FKbgl/kVX/rRK5hXr2N1YHNgSvbuMZuwPIN35+beIi+F1gn/v9YmtAqZggaJt/0qmfE9K/XAZs0HFuOsGH1rsF0bbg4kTWADTMvP+lEsuFBrcxk3iAAYG8nctQoVmq2QUC9ZFNiQSjEky3G06lJhM13+/V4HjOcHsp8v1LTVoOXHaxUmld93onsQFiFa9ycdpYTecCr/nhAXevF+sBamddWZmKcfzcOcSJnVyxcKht3n9ovcyTji+593olclfrzOJH5gU83vPQC4zO8ZdUlTejQiStYOxPSJ48N2hYh7PdZZxQfMPsgux8SQrafDzR5vRNLEIqvntzjeWrHNgbXRE5KrCLt7kSWbN3MjKDsCtFKTmTVgq/xJPBIB1+PNTlHrQYBAPHBYDOgMSvI/MD3ncirB9OrnmRXAYq0GuNnWaugrZUAgJi84fqGl95E6xC4nRkfWvW9FrnxbXPwAHnVhwkpQBvTbr8WON0ScPTGibyCUGejXw4axSrbNgioj2xKrKItCHykj+c39fVLwoN3oy2bNeyWV93Tqy7d7hcTZ34e9qrPNjt31XnV2YSQoMZwpiWA65xIP3/nCxUHhlv0+TKdLvv3W+Mg4AVaz7pn93t8Pu/hMG6w/kzDS3OBo1qcv1mtAFMir/pLJm6M3wlbae/VgUA/H9JXJoTojRQLB6qBnJRYPwd+0+OpX8X4mbUDnMixrXJ5m9ESl7mvY/yD93ZO5OgBhmZkc63XMXTmRV71T05kG8KmtbH78orAlU7k7V61DhmZsg8+M+k9I9bCjN8HtYkTeX3Mv18FjQ/ZD7RRB+EXTuQm5t131wTezfgVgjE7ZM5/YRtpJG0loBpOBf6P8PA/5jgn8ptYC8N0wIksQaiT0ehawobsXqzD+PDFQwlZm0aGDQLqoVlKrN163cgbCxQ9wLxNeC8DdiRdetuMpmsYPwhYkzDr287GxkLFbCnZlYibyu5H0bzqzU5kL0JhoTHrAt91Itt3U2W2LHHFIpv96kivemYB514VWK/hpYMJKTMHKs7gNz6kt1s/4wjGT7583onc0DigjmEJn21o084qAITMM555GYtsJWAA4sb/DwNvZN5n9/zAxU7kze3ktDfj7EXYXzHmv8COve6zcCJvAO5oeGl9J7K2V729l/PWiYUD1UM2zvb7RWTy8ar/ZWIBn0MtdtE0cQ0wO/Pa1+PGxbK9nfGFqCDUAak9r3oOE0NGtmViYaiq2ZfxqTL/BRSV4ejrme93diKFp6ntwsuAhRq+b6uStlf9GeMLFq0DvDPT7H1A456QS73qn9s491zGD0ZWHsU45yqID6jbMr4+0TTgfPs3aV+c9Dkw8/I3i9hoHYuH3Zh5uWohh31lg4CKy0mJ1UlxsFaOJ+SdHrM64SHLmBd51aeBL2RefhWDuWFum/n+z0OWd/wLwHczr33ciezdpO3AOZEFmRjvfGKBezSuBhrDYKTJ9QYhO8veSSXtIzLfv7g3IIZ/fjZz/EsdnLtxMDKWJtQMgFf9C7Bn5uWNmXgvNfm2B17e8L1SbBaf7CTD++Im5JFgg4Dqy6bE+lmcSSpErDp5QeblkRoJm7adzfiHMYAvO5H3lNUBJ/IqQr74Ru2ESdRGnM39EPCjzKFTmDhjXAW7EgoljXkK+FZRJ49hUNmJj32cyELN2peo7cxAWV71J8CMhpfWY97ky1aEqsJjrvCqf+igX7YvoEK86kWML3wH8Fkn0mtxxKGXU3fku171wQIv8yNCWtcxk+lvJsZKsUFAheWkxCpyFSDvnJs6kdc0bWlGlld9nok35PmAi5zI65q8pVAx9Og8xodg3Alc3O9rly1uMN2G8OcbMx9hFrEy4qx1dqLiTK/6aMGXOo/x9SqWIgw+BqmXlQCYuBpweHzo+Vzm9S92eF4bBFTPx4BfZF47z4msOIjO1Mg7gDdkXiui5siL4qRLdjVgLyeyWJHXqSobBFRbNiXW3fSebWOCnLi4bKYPY/Cq1zAxPn1R4MYYutYXMYb2dCYWojrCq85p8pba86qPEVKHZou1VcnmjH/IfAH4RtEX8aoeOCHz8sFxEDIo2YfrtlcCALzqDEKhuDEbAEcTNpOOudqr/q7Dflma0IqJg/rtgYcbXl4CuDTWADLNZSedrokhVkW7jPGZhhZjYhjXULJBQEXlpMQ6ro8PPNmR8K5OZJk+XcvU22cJG4UbTQVucyI7NWnfk7gCcD6homOj84BLir5elXjVfxAetJ8edF9yZFcBLvGqf+/Ttb4FNG4GfBVhkDQojQ/Xj8VEC53KbgLP/n12ugoAthJQSV71AUIoY2Na5TcDJw6mR9UWV5fflXm5H5EQY6vcx2VePjDW6hhqNgiormxKrIeB7/Txetm4uAUIGT+MGScORHdmfKgKhOww5zuRk5zI0hPf2RknMinmzv8DE8Pibgf2GmCdgtJ41V8TcsZXKkWoE1kHeGvm5b58SMOLKyMTspn163opTdKDdrQK0OAW4Kc5x66PVYY79XfGP2jaSkBFeNUfMHFT8F5OZPcmzUdd9nf7V4xfOSva2YwvivkKQkjmULNBQAXlpMQ6uZ8Fg3Li4vazpUrTjFd9ghC+kN28CrA/cL8TOcKJLN7N+Z3IhoSCeJcxPlUihNoWW8UQkZEQw7Cqtlkt+yE9Iw5Y+ul44PmG7zd0Im/u8zWbWZbxkzSd7gcAXrzvZlcDxuS93uqczxJ+R8ZYmtBq+RKhKGCjU53IG5s1HkVOZCphoqnRMf2c9PGqTzEx69DQp0wf+qWOmsqmxHqGkBmk3y4jzCKtEL9fhvCL2HPBnwK81on8sMv3PuZVsxVmy7aqE2lV7bNd+3jVWwo6V9e86iNO5F2E5exs+spFgMMJN9FbCB96NwD3Z2/kMa57OrBq/NqUicvAY24FdvCqVY6T7wuveqoTWYkBzX43ihsas6laj+73db3qA07kAsYXrjs4830ZsiE2XQ0Coh8QNo2u2/DaTV41u5G0E/cRfqdgXprQf/RwviLd4kSKqEp/mVf9dAHnKZVXfcGJ7EJYeR/7N3LAZU5kjbjiNer2JxRXG3M/cHkJ1z0FOIx5NU/WBt4CFJaRsWpsEFAxOSmxzvaqDzdrXySv+rwTOZbx6cwOcSJnVSDsYjFCpoBu/LvIjnRJCDHMRVi4dZNyeNXnCOkaf0fYMPySTJOFCTHtm4+9xYn8i/Bv8ihhL8EqjC80led44BPxmqPqE4RBevYBvGwHMX4l+U7g+pKufTTjH/p3dCKf8qqzSro+9JAeNCtWlz0SuK7h5a5WATL92bDh+1WoziBghYLO89KCzlO6OIGyHXAb8x52VwLOdSJbVbk6eL85kUWAfTIvHxfj9vvKq/7HiZzF+FDoQxniQYCFA1VPNiXWXPqQbSMhGxf3WvJnZY0BwKueDqxIiHd9ItHUEWIt1yL8XL2e1gOAGcDbverBIz4AGMuZ/wFCqNRAOJElmZg5o69L9Y286h8ZH04xhTBzWKZe04Nm3UCIeQa4xavm7RNol20OrjivejthMN1oc8JAf5TtwfiK8I8SnkvKchzj919t7URWLvH6pbJBQPVkVwEu96r3lHXxGBeXDT2y4mGmJa/6uFc9gjAYOJywebfbGa1nCTOjb/OqG3nVZnsPRlLcG7QlPcw+9+gjjF+NepCQvalM2f1LH4kziGUpbCUAJuwN6HUVACb2xzYHV9M3mfi7c5QT2WgQnRm0mI0nm5781PhcUgqvei8hNHrMJOCjZV2/bEO74SEWemgc5DxZh3ziMTVoo2fiRq8y+zA/mZCTsuMU482gqA/1uV718YLO1Za4EW/RPp3+qbrMiMdZ47cTKt2uSNhnMvYlwHOEzFcPA/8hxEbfTKiMXYuNv3HzfONqxrP93MSfue7cAdwfFmF8KOlzZX5Ixz5MArKbzv9XRshAvH727+DxXldCxv5MRdxrm9zDS/83auhL9rO4KOpVS0+d60QWJGTPG9PTZ3TOZ91A/r1iUpLGYoyl/h3H/WHZIl2lf945kQWABRtemuNVnyyzD2UZ2kGAMaa64gOPA3wF9psYY4wxxhhjjDHGGGOMMcYYY4wxxhhjjDHGGGOMMcYYY4wxxhhjjDHGGGOMMcYYY4wxxhhjjDHGGGOMMcYYY4wxxhhjjDHGGGOMMcYYY4wxxhhjjDHGGGOMMcYYY4wxxhhjjDHGGGOMMcYYY4wxxhhjjDHGGGOMMcYYY4wxxhhjjDHGGGOMMcYYY4wxxhhjjDHGGGOMMcYYY4wxxhhjjDHGGGOMMcYYY4wxxhhjjDHGGGOMMcYYY4wxxhhjjDHGGGOMMcYYY4wxxhhjjDHGGGOMMcYYY4wxxhhjjDHGGGOMMcYYY4wxxhhjjDHGGGOMMcYYY0wlTR50B4xpxoksM2Xy5LdOmTxZnp8z5+FB98eYojmRt0+ZPHml5+fMuX/QfTHDzYksOWXy5A2mTJ684PNz5vx70P0x9eJE3jpl8uRXT5k8+b7n58wZdHeMGQ1OZIoTeakTeZ0TebUTWWDQfSqLEznJicx1In91IvMNuj/GFMmJrBV/vuc6kbcMuj914kQWdiIrOJE3O5FXOpGFB92nqnMiX4s/azOdyJRB98fUR3z2GLtXvXvQ/THFmjToDph5nMhSwCbAu4B3AC9n/L/RXOCfwH3AvcCvgHO96lMld7WvnMiSwAPAQvGlLbzq1QPskjGFciIXAjvEby/1qtsNsj9V4kQWBDYANiTcA5fJfC3Y5G1PAA8CszP//S1wm1d9vu8drygnsijhfrp4fGknr3rhALtkasSJnAZ8OH77A6+6ySD7Y4plg4AKcCLLAZ8C9gakw7c/ApwMnOxVhyJsxol8Gjiq4aUZXnWjQfWnXU5kMeAA4I9e9apB96dTTmRPYLmcw1/xqi+0cY4Ngf8rsl8Fudir3j3oTgA4kRUIg/ixFa4XgFd61ZEMC3Iik4DXEyZANiEMAIpc9XwUuBr4PnCTV326wHNXnhM5CPhGw0u/Btb2qnMH1KW2OJFlmffw2ak5wFOJr6cb/7+de9soiv8GMxn/+7i6V/3jgLpkCmaDgAGKYS6fAj7NvFnvbj0NnAl81qs+0WvfBiWGPP2diQ+ja3jV35bfo/Y5kWmEGbcXgM286vUD7lJHnMivgTVyDs/fzmyqEzmK8PNcNZt51WsH3QkAJ3I8cGDm5RO86kGD6M+gOJE1CYPmTcgffBbtGeAmwoDgmmGZOMkTQ3/uAV6ROfRWr3rbALrUNifyOqCsh82ngfuBO4Dfx687vOpI759wIkcAh2dePser7j6I/pjiWaz1gMRZ48uBL9H7AIB4jgOAnzqR7A2/Tt5P8weCQ8ruSA/mAy52Im8YdEdMtTiRlwAfanJoTye9VVqHAAAgAElEQVSyRNn9GQQnsroT+T4hnHFXyhsAQAgl2hI4G/iXEzkvrswMq22ZOAAAOLTsjlTcQsBqwM7A14EbCT8fDzqRG+Keiu1jqNpIcCILAfs2ObSzE3lZ2f0x/WGDgAGIS2w/J3wYFe11wC+dyDp9OHdfxbCAj+Uc3iHOtNfFIsC1Neuz6b8PA802si5C88HB0IgbDC8kzLL2497XqfkID31/dSJHxwHa0Ij304/nHN7SibyyzP7U1HKEPXqfAC4CHnAiRzmRlw+2W6XYFVi6yevz03xwYGrIBgElcyKOsBT92j5e5qXADCdSt82G7yb/72UKYaWjTl4OXBM35pkR50SEiWFAjQ50IvOX1Z+yOJFXOJFzgD8zbzN0lQhh8uFeJ3LIEGVh24D88L5JpH8WTXNLEcId/+5EvudE1hp0h/rBiUwmvfq+T1wpMDVng4ASxZmZbwOdpgR8lhBn3tHlCCEp7+/wfYOUtwow5iNOZJFSelKcNwAXWVo+A+wEpJbRpwHvK6kvpXAiGwO/A3ajmM+bRwkbWy8FriesKhQV1/8S4FjgLiey0xCkJm51P90jZmIznZtCCF293Yn8dAjT/G4OrJI4vhRhpcDUXN1vcnWzFWH5uZW/E2YbtiT8Ii7MvJjFbYHPAw+1ec0z4wa8SnMibwLe3qLZ4kAdNyS9BzgpDgLNCIr/9u3EYR8yDD8nTmSSE9kfuIHwcN2pJ4HvAJ8EtifMaL/Eqy7lVdfyqtt51U296hu96jKESY8VgfUJqw0nArO67P4KwPnAbXUN53MirwY2a9FsIbrPvmPmWQ/4iRP5xBAMHMe0c686eIj+vCOr9h82dRGX+f8EvCrR7HngGOCLrdLYxRnxTxBiPl2Ly/8TWNOrtjtwKJ0TOY/2Bkj3Aa/yqpUrW9iQHSjPx73qMWX1p1MFZQdamfAQ1Y2xzfLNPA1s0eV5AX4/yEwwTmQTwmbDdrzNq97az/70Uwx7OonuHjB/A3wLuNCr/q/HfkwC1gS2IUyepGY28/wL2Mar/qyXvpTNiZwO7NVG09nAil5V+9yljrXIDnQ6cHHmtfkIoV0ufi3Q5P/H/rsEMJ1wr1qeMLNfhBuAXb3qfwo6X+mcyLqEPYvtsBo+NWeDgJI4kQ8BZySaPAJs1Gn+XScynbAs3mqPwc/j+Z/t5PxlcCLLE9KzTW7zLdt61byHxYFpYxAA8D6velkZ/elUEYOAHq+/JOH3oJnHvWpts+c4kZuAd7bZ/EqvulU/+9MvTmRpQqjO2zp429OEmffTvOqv+9SvSYR75LbAfsCyHbz9OWBfr/rtfvStaE7kpcA/aL/Wwq5e9bt97FJXWgwCCptQiaGaUwlZlFaIX2sRUtd2sz/kQeD9XnVGEf0rmxO5hPbDEmtRw8fks6Wc8rSKzf9wNwU4vOpMQvaCmS2avgX4ZkVDDT5K+wMAqFe60Kzz4kyLGRFOZHXaHwAAbOFEupm1HignsiJwO+0PAB4ibPaf6lX36tcAAMCrzvWqf/aqRwKvJKRmfqbNt88PnOFETq7Jxu196ezhdShC0LrlVZ/3qjO96k+86ne96he96haEzDjbAxcCnaxKvQy42Ym02pNROU5kJcLKWbs2dCJv7ld/TP/ZIKAEMf/3WxNNzullZturziI8ZLQKd3iAiq3+OJHFgY90+Lb/q2MK1MgBV8WbrRkNneZknwTUqnBYzIB1FSEuv5W5wKnAa7zqyV718b52LsOrPulVP0cIDzo79qcd+wE3OZFl+ta5HsWMLft1+LY3AhsW35t686r/86qXeNWdgGUIeyx+1Obb5wOOdiK79K2D/XEQnT8X1nlSbuTZIKAc7yAdc9jzjIFX/RthA2qzGYvHgPd61c9XsDz6h4BuUmjW+cazDHCdZeYYfjFErJsMXbvX5ecjbg78LqFGSSt3Aut51f286mP97VmaV/2nV90DeBOhinA7NgR+VeFCgLsRMrd0yoqHJXhVHyuOvwPYBWi3kvCZTiQ1AVgZ8X6zZxdvrVsNH9PABgHlSM363utV8+KgOxKX07cCGjd53QGs4VWvK+IaRYpL693OeL6v5pU+VwUuH6Kc5Ka5A+hu0+GCwN4F96VfjqS94l9XAOt41V/0uT8d8aq/96rvIoRBPNnGW6YBr+lvrzrXRm73lPfGjEImIYaVfY9w/z6V1qtIAlxRk8JsexMyRnWqjjV8TGSDgHIslzh2R5EX8qo3E7LszAXOIcy63VfkNQq0HeEDNc9piWPzEfYS1NnbCLHGlQrRMsWIITKpULffEWLo8xxQ9UGiE9kB+EwbTY8gbIrvKeNPP3nVK4B1gXsTzZ4DdvCqF5bTq45sTtjvkOcM0vVmahWCNkhe9TGvuh+wDvC3Fs2XIhSNrGxF6nifST3I3wPcnDhexxo+BhsElOWliWMdbwZuxateCqwO7OFV2938Vqr44JsKg3qMkP702kSbD8U9BXX2AULdBzN89iTUtshzNKE4VZ7lqGaFXQCcyBqEiYZWdveqX6hgKOIEXvVOYG3gh00OKyFdaCWze5G+nz5NqLlwaaLNblXe71BFXvVXhBCxu1s0XRW4NK7WVNH7SU9WHku4X+Wpaw2fkWeDgHKk0nIu1o8LetU/edV2N7wNwkaEWNw83/KqT5J+SFqUsKeg7j7vRKz64hCJaQcPTjSZSXggu5yQzjHPoVVcKYq1AC6idY2SA73qOf3vUXG86qOE/VUnNLz8DLC5V71mML1KixVr/y/R5Mz450rdTx31CUGrDK/6IKHQZasV97cDO/a/R51pY0LuYeBcwr6ZPyXaHVThQY7JYYOAcqSKdFUutrQkqZvOc4RiQwAzCGETeQ6MD1x1920nsuGgO2EK8z5CMaI8x3vV52LtheMT7VandSXtQfgwsHKLNl/wqieW0ZmixbSRBxFWcx4F3uNV2908PAipjb0vEH/GvOrtwG2Jtvs7kVYDO5MRM/S9ndapuo+sYJrZd5OuM3SKV306Tioel2i3Eu3tDTIVYoOAcqQGAa2KfA0dJ7IaYaYtz/e86mwIG7FIz14tTygAVAd3JY7NT9hANqqDwqHRxsza40Bj4akz42t5KpUJK+51OLxFs8sIG4ZrzaueBUz3qj8edF/yxCrdWyeaXJbZF5a6ny5Ld9msRp5X/QdhhfufiWYrAXuU06O2pQaQnrABesz5pJ9nKnWvMq3ZIKAcv08ce0XNs9x0o9WNIvshdTEwK9G+kiETGXOBTUmnlluCkDo0tYfEVN8G5FdehlAZ98UsNPH/U5vgN63Y4PBQQprbPLOBj1Q8HLFtXvWpQfehhVa53bOVda8mbPTMM9LFw3oRB1t7tWh2uBNZsIz+tOJE3kRIe5rnO171xc8sr/os81bpm6lzDZ+RZIOAcvwceCJx/KtldWTQnMhyhDzLeW7wquPiDr3qc4yPz81ai3Q8bCV41fsJGTxSm7VXIBQT6yZVm6mGVqFuzUJkTgKeT7wvtb+gNHGA2qquyW5FpT02aTG3e2pm+dYYAvQirzoH+EbiPavRWYVr08CrXk86ocVUOi/o1i+pVYC88J9vETaa57HVgBqxQUAJ4kNsKp50BydS+YfYguxPyJ2cJy8DwRmkc3jX4sYTP5B3Ip1fem3gu7EIk6mRmGt9s0ST873qhHCBGFOcSju5a0Uyt3wOWDhx/Cyv2iyzjumPVrnds6sAY84BUgM1Kx7Wm4MJA/48nxp0Zjsnsjzp7GNXxiKk48QN5mcn3lf3Gj4jxR4yynNei+OnOJG+ZAqqCieyMLBvosnvyCnL7lWzcdRZW9WkIAte9Upa5+TeBvh6Cd0xxeo01K3dYwuQ/t3pOyeyFOm6Bwp8oZzemJjbPVUr5a/kzEh71aeBbybeu4kTaacCtGnCq95NerVlSWCLkrqT56OkCxnmDSAhbDTPm8gahho+I8MGAeW5inSWmzcAP4zLu8NqdyBVMOWYFnHEJwBzco5NAg7stmNli1lTUiFOEPY67FNGf0zvYqhMKtXrjV41ty6IV70DuCXx/v0GnLnlPaQfGk71qg+U1RnDzqRr0BzbojbDKYyvLp9ViRC0GvsS6U20m5TVkay4CpEa0P8C+FneQa96D/D9xPuHoYbPSLBBQEniw22rolBrAT9yIsuW0KVSxfzBqQ+VB4BLUueI2RdSbfaoclXGJg4FrmjR5mQnsmkZnTE9248wY58nNbPWTptlCA9+g7J54pgHvlJWR0Zd3LibCtn5N/Dd1Dm86kOkV6h3iXu4TBfihv/UasAmAwz5/BChzk6eVhNykL5XLUpIr2sqzgYB5boGuL5Fm9WBW53Iy0voT5m2IqRHy3N83DvRSipkYiHSsxuVEjfo7QLcnmg2H3BxzOJgKipu5E6F6/weuLmNU90A3Jk4PpDMLbE42LsTTa5szCJi+q5VbveTvKpv4zypvO/CgEPQhsDliWPLEj7vSxXrFKRWze8lPcsPgFf9GWHFIM+w1PAZajYIKFEcWX+AdIVQCCXGf+ZEUmkGayM+tHw80eQJ0vH+L/KqvwZuTTQ5ID6w1EKMzd0cuD/RbGHgGicyrZxemS7sBiyVON7OzNrYPSL1YPZa4F0d9q0I65Oubt5qz5MpVipD0zOk4/1f5FX/TBh45tm3Kuks6yiGzaSq7A7id3k7Qn2dPMfFCap2pCblplOfGj4jywYBJYup87YFnm3RdDrwUydStcIi3VgPSOUOPs2rplKoZqVuPFNJZzyonDiDuinw30SzqcC1w755vI5iqFtqQ/As4KIOTvk90vUkBpG5JRUK9AhwY1kdGXVxVTBVRfqsDlO0psI6liK9z8W0lppVL3VfQBuFDB8hZI5q1xWkJ7DqUMNnpNkgYAC86m8IH6qpKqEQ4ovPdCKnxUwQdZV6aHme1htks64BJqQua1C7Yjde9S5CyFRqo97qwEW2xFo5mwOpzFTthroBEMM4Tk402diJlB1GkEp7el0nfz7Ts1a53VNx6M3cQrqg5cGWrrgnqX1f68eseWXZEEiFlp4aV6fbElcMjk80qUUNn1Fmv9gD4lV/AKxLiL9r5cPAT2Je31pxIqsQHm7zNM2bnhIzXqQ+6N5IuNnVile9Ffhgi2bvJmwWrtUgZ8ilZtaeINS46NQ3SReVKy1zS8xIlBrkpPa0mALFz4AdE00u96rtfKa8KIagpVZXVyWsVJru/A6YmXNMgDeX2JfUvepZQsaoTp0FPJY4XosaPqPKBgEDFGd/1wF+3EbztYDfOpFUie8qOpiQvjNP6sMn5Vzg4cTxWha78aoXAJ9u0ewjtK7aakrgRN5Ceqbr9A5D3QDwqg+TXpbf2Ym8rNPzdimVhhLgV6X0wkDY0Dk5cbydDFTNXATMThy3B7kuxUFW6jO+lCKATmQ10oO5c73qvzo9r1f9H6GKcJ7a1PAZRTYIGLAYu7kJcGYbzZcGbnIiH6/DTLATWZpQGyDPTV71D92cOy5Znppo8t5YvbWOvkrrjdJfdyLbldEZk9Qq1O3EHs79DfIL8sxPSElahtQg4HnSoSSmIDHv+ocTTW7zqqlsLbm8qpIOy9zIMpT1JDXAWrqkPvRSyLCVk8ivkFyrGj6jxgYBFRBvwHsRHihaZRCZj1BJ9jsDLhzUjn2AVB+7nbUacwrpDdatqvJWUpw52pfWmy2/G2eizQA4kZWBrRNNLuyleFasOnpVosk+MTVpv6VyxT/UZipK07uWud17PP/pwP8Sx201oHsPJo71fSUg1nvYJdHkKq/6127P71VnAxckmtSths/IsEFARXjVuV71OEIp8dSNeMwHgBklhgR0JA5QDkg0+QPww16uEbPqpAri7OZESllqLVrcaLk94e8pzwLAVfFh1JTvINL30F5m1to5x5KE1KT9lhoEpDJamYLE3O6pSY27gat7uYZXfYz0ivSOQ1i/piypQUAZKwH7E/Yf5Ol1AAnp1Ma1quEzSmwQUDFe9RpCjHHeRqJG6wC/qmg9gQ+QnuFoK296G1I3HgfsXcA1BiLGkr8XSG2cXpqQOnTJcnplAOLfdyp97w+96h0FXOo20jH3ZWRusUHA4G0PpOqEHBsTJvTqBCDvPFMID5Omcw8ljvV1oipmH0oVfbudcJ/piVf9PemJvVrV8BkVNgiooBgnvzbw8zaav5yQOWj7/vaqffGhJLV0/E/gwiKu5VX/AlybaLJ/DcKmcnnVWYTNXE8mmq0KXFHzNLJ1szdhdivP0UVcJA6UU7N0qxAGiv2UGgS0SnNsehT3f6X2nvyHkCihZ171fuCyRJO9ncgiRVxrxAxyJeCDQCoUp6gJOUjfq6YSBrOmQmwQUFFxl/7bSYe7jFmQkD/+yIrkc94USG3K7ShvehtSIRPLAu8v8Fqli4PC7YBUFccNgG/XYcN43cXB1kcTTf4I/KDAS15Ousp4vzNhpWaYUzHqphgbkc7tfrJXTaWT7VTqfroErdMYm4lSKwF9GwS0UcjwfsL9pSg3ka6QbMXDKsaKDlWYV/VOZDdCXPjXSafaBPgc8ConsnMHZb/7IZW+8km6y5ueMoOQiznvg/IQJ3J2gbMdpfOqNzqRvUn/3e0C3Ad8vpxejaydSWfMKXJmDa/6vBM5nvzaGG9zImvEIoT9kHqAqdyeJCeyJ+FhtUxPeNWi72tjUvdTTzpLWse86i+dyG3A+jlNDnIi3xzwZ0zdpFZp+7kSsBWwUuL4cUX+O3rVuU7kOELtgGbGavj8qKhrmt7YIKDixsIBnMidhN33i7V4yw7A405k70E89DqRNYG3JZqc7lULDSGIN55jgfNymqwGvJMwS1FbXvXbTmRF0nUEDnci93vVc0rq1khpIzRjNgWFumWcCXwBWDzn+MGks3/0IjUISIUKDcqngLI3y/+O4ic3xnK7vyfR5OxYU6Jox5I/CFiZkMAiVQnXjLds4lgqw12vUgPI/wJn9+Ga5wNfJv/ecAg2CKiMKoSOmDZ41esIG4HvbqP5hxncbHCrvOmpXNS9uBiYlThey+JhTXyWcJNNOcOJvL2MzoygdwOvTRw/Iab8LZRXfZKQwjHPDk4ktXG0F6lBwOJOZME+XbdOUn9HvUiFcswlXTm9F1cD9ySOW7rQzqQGAX3ZV+NE1gPWTTQ51as+VfR1veqzwMmJJpvVuIbP0LGVgBrxqnc5kXUI1R3f2aL5553IQ141VcmvUE5kBULsep7JwB9d/xIELJw4tokTeZ1XTcUrVl5c9diDkClkg5xmU4DLnch6XvXO8no3ElpVaj7cibSq+Nyt+RPHphBS8h7Wh+u2esB9GSEMbZR1XGm1lZj+ObW6M4mQHa7oS49JbXxf34ms7VVv79fFh0zpgwBa36sOdiL9yvbU6tnyIGqcuW+Y2CCgZrzqf53IpoRKpPu0aH6qE/m3Vy1y409Kq5L2k8gPZyjDIaTTOtaCV33WiWwN/IyQGaiZxQmpQ9ftphS8mShWTG21wpIaiPbbR5zIl+KqQZFaDQKWxwYB/VgJaJXbHQZ/P91xgNevk1IHAU5kFcJ+gJQyCg3m2c2JfM6r/meAfTBYOFAtedXngf1IF3aB8NB9vhPJmzEujBNZglDRssp2jpUTa8+rPkqIFf53otkKwNUlVZUdBVUPKVsc2L0P5039jEHrVclRUOggIOZ2bzXJM2jvcyKvGHQnaiJVC2B2H653EK0TiQxSrWv4DBMbBNRU3PT7EVpvQlwAOCtWnOynDwNVzx8tpIum1ErM6b05kEoPuBZwXkwVZ7rkRJanHrOeBxX9bx33OPwl0aTVjOMoKHolYHfSud2rYDLpqvBmnlUSx35f5IWcyNL0ZzKgaLWu4TMsLByoxrzqHCeyK2FZb4tE05WBPYG+7A+IVQAP7Me5+2BfJ/JVr/r0oDtSBK96uxPZiZCpI2/mZ2tC8SrbzNe9VqFuVbEi4aE8VfCpG1cDr8k5tpoTWdmr3lvwNbu1NemUjN2YDNxKfnhOYYOANnK7V8leTuTIWN3cNBH/Pd+VaPKHgi+5D6F2UNWN1fDJSydqSmCDgJrzqs85kR2Aq0gvy3/eiZzbp4ffHQnVAOtgKeADwGmD7khRvOqVTuQg0pmXDnYi93rVU8rq17BwIosTVrrq4hCKHwRcA3wicXxL4LiCr9kVr/rHos/pRN5AOj7//gIvtzVhMFcHixEmmPqVpWgYrAMsmXPsBdLFtToSZ9b7tdm3H2pfw6fuLBxoCHhVTxhR/zfRbDnSVU670kbe9Co6uCKVlQvjVU+kdfrVE53IZmX0Z8h8iHpVxl3PiaRSA3bj58CjiePDHhL0f4lj93jVmUVcJN5PW2V1qZoDnYhNKOZ7b+LYnwuu9rwL6U3IVTNWw8cMiP3iDgmv+rAT+SyQmuk9zImc5lVTg4VObQysnjh+FOmcwf2yPfkPxasCmxJmN4fJocB0wkxiM/MBFzqRDbzqb8vrVn3FvTQHJZr8jVABs+yZrEUJBaryshEdQvgdKESsWnwd+Skr13cib/CqhcY3V0hqEFBkEcL1CDPHeY4jhPaVbXPy61S8AtiGUKvFTLRp4tjVRV0kTmylJuT+SfjZKrvS8wLAb8lfDTmUmhfyrDMbBAyX0whhC2/IOb4EsBPFlplPzVo9DXzDqz5S4PXa4kROJ1QOTVUtHKpBQNwjsguhGuPaOc0WBq5xIut41QfK611tbU+oyZDnWK/6YFmdafCQE/k2+XtxtnUiK3jVvxd4zavJHwRMAo52Iu8a0qX9sgYBqfupAsd41X4VJsvlRM4BPkN44G/mUCdyyZD+23fNibwceGOiyfcLvNymQKoI1/Fe9Z8FXq9tTuRk4PCcw0NRw6euhiokYtR51Tm0jgd8fVHXcyKrA5skmpw1iAEAvBgidWKiyUYx7/tQiXs+Nicdo/wyQg2BxcrpVT21EZrxb+DckrrTzDfIn9Wbj+LD/24Enk0cfyehovJQiaFVeQ+/c4AZBV1nFcLeijznDWjAiVd9jnTc/9qEVQwzXmoV8Z/Abwq8Vupe9QTpiuP9djLgE8cPLqsjZjwbBAwZr3ob6XLvqxV4uVQGixcY/GaxbwH/SxyvSwaOjnjVfxNmhVJhX68HLikhdWydbUR6Fu/kONgcCK/6D0L18Dwfipuai7re46TDDQGOGcL48NSD3C/i30sRDiad2/3Ygq7TrTNJ31OG8n7aLSeyIumB+BVe9YWCrrUm8LZEk9MHmcEpFgU7O9Fkl2Gp4VM3NggYTqnZhdXiDGdP4jLn+xNNLvOqA60iGvc+pGY/dox/jqHjVe8ibNbURLNNgFOK+HkYUqmZtWcoNqyuW6n48EUpvoDflwmzinleyxBU5R7jRKYB70s0KSQUyIksQzq3+7Ve9c4irtUtr/o/0j/zWzuRlcvqTw0cRTqjVJF75VJ7AZ6nddKIMhxH/t6poarhUyc2CBhOqUHAksBLC7jGAUBqFvmYAq5RhOMJN8FmplCvdGod8aq3Ah9s0Wwv0qkfR5ITWY1QkTnPwELdGnnVO4AfJJoUmrkl/pm/2qLZV5zISkVdc8D2I78+xFzgkoKusw+himqeqtxPTyI/JGwS9akX01dOZC3C/rs8V3nVvxZ0rVcA2yWaXOBVZxVxrV541XtIpy7e14nUob7BULFBwHBqFWfYU0iQE1mUUK04z61e9fZerlGUuPn1gkSTvZ1I1Ssdd82rXgB8ukWzrzqRwjLJDIlWoW6VyIkffT1xbHnSM9ndOAFIxaYvSdh8Xlgo0iA4kemkZycv8KqpSsrtXqdVbvdfAz/u9TpF8Kr/As5JNNnDiVS90nFfxSw9rQZtRYZ2tSpkWJUBJKTvVUsBu5bVERPYIKAETmRhJ3JYiaPcVtUye41D3IOQaShPlW46kA6ZWILWs+V191Xg2y3anAus0P+uVJ8TeRn5WXCgAqFuGTcT0oXmObTIkK+4+fwLLZq9Bri4rvsD4oPcdwjFsJp5ATiyoMt9AFgmcfzoimXdOZb8sI6FCauLo+xrwAaJ478EflLEhZzIEqT/vm/yqkVXJO6aV/0V6QHt0NXwqTr7y+4jJzIpVvO9i/Aglpciq2hrtjg+u9sTxw/11E7+u4Bruz1/P8QKojckmhwcS7sPpfgAsS8hu0ueBQgzMSbMyqZieSs1yI3/vqmB7prA+gVf9iygVTjDJoRwvDo6hFD/Ic/3igjnaCO3+9+By3u9TpG86t3AFYkmH3Uiqd+foeVEPkZ6L9Fc4MACB3UfBlIr2YOoKdFKajVgrIaPKYkNAvrEibwOuAW4kHl5xj9eUlrKVoOAXtLMbUt+ujwIedMLyXhQsNSNZyVgi7I6Mggxxd/2QGVmharIiSxMiM/OU5lQt4xLgH8kjheaucWrPg/sSNggnbKfEzmgyGv3mxN5A2FTZ545wBcLutx7CQ8+eY6Lf9dVk3q4fDnpGPWh5ER2pfVD9+le9ZcFXU9I78G4g7BKWDXXA39OHLcsUyWyQUDBnMhkJ3I84Rdww8zhycC3S1giTw0CHgWe7OakMaQgNWv1L+C8bs5dghmE2No8Q3/jiSni3kvIT22a2x1IxTRXahVgTHxQTMUZb+lEXlnwNe8Admuj6YlO5Ig6LPM7kdcTVsxSM9nnxtnwIqTup/8lnVZxYLzqL0iHtBwySlnHnMimhNWxlIdpvT+rEzsAUxPHj6lYGBnQ1srlUNbwqarK35TrJhbsegn5G3XeTB8LYziRV5O+MVzdw43hrcBaieMnDjJvekobN571nUheld2hEbNEbEqXA8FhFkPCUoPByoW6ZZxFGOQ3M4l0vvuueNVLgC+10fRw4NIqb8KPGV1mkM6e9hDwuQKvl8rtfmpMy1lVqdXVN5P+sw0FJzK/E/kCcBXpzbkAB3jVvN/PTq/bqpDhA8DFRVyrTy4gPRk19JNyVWGDgP44mFBNNM+RTuQtRV/UiSxA65n4XuJLUzedpwjFuarsciC1oXMkbjxxo9h25FebHb2BOlEAABxxSURBVFVbAysmjh9T0VA3ALzqU6SLee3uRJbsw6U/D1zZRrutgZ/FIkqV4kQ2IIROpP5+ngW28qpFraSlVgGUkI6zyq4DUtmRhvp+GkN+f0n4+W81ADjaq15Y4OU3BlZPHD8+hoBWkldV0vuFhraGT9XYIKAP4mh/v0QTB9wQq/wV6WvAGonjT5HOKZ7LiawKbJ5ocmZRsxz9EkMmUqkd3xdzLg89r3oj6TSvI6WNmbV/Ad8rqTu9OBnIW41biLCRsFBxYPQB0nG+Y14P/MqJbFx0P7rhRKY4kU8Sin4t2qL5hwqM516BdOrWc2M6zsqK/+6p1dXNnciryupPWWLI72GEVNzthK1cD3yq4G6kBpCPA2cUfL1+OJ38woNDXcOnSmwQ0Cde9VLSs+6LATfFTWg9cyJb0bpQyzFetdVGvjyt8qbXJQvI2UBekafJpMu8DxWveibpDZCjZD1gncTxyoa6NfKq/yadx/2AfmRu8apPAlsC7RQlWgr4gRO50omkZjP7Kt57fwl8hdZplb/mVYvc79Qqt3uReeT76XzSiSb6FvpaNieymhP5MnAvIdtfO79HfwbeH8OEi+rH6sC7Ek1Oi7+PlRb3qKWiB4a6hk9V2CCgv/YHHkscfwnww7gZrSsxDem2tN5ANot0DGfqGsuS3gB4iVe9v5tzly3mOE8ts+/lRPJygw+jzxE+yEdd3UPdGqXyuE8lbCgsnFe9F1ib8GDdji2AO5zI+U5klX70qRknsrQTOYqQKODNbbzlauAzBV7/JaRzu1/tVe8q6nr95FWfJT0BtJsTWbqs/hTJicznRFZ2Ip9wIr8H/kSY0W93tfgXwNu8auoZoBupCbnngBMLvl4/nUDoczOjUMNn4GwQ0Ede9UFax0UuDfzaiXw1VuJtmxNZmRCXeSnp4l0AH48PwN3Yj/RMWSUzpiScQn5qw0WBPUvsy0DFDdN7ALcOui+DEh9At0w0qXyoWyOveg/pVci+ZW6J97wNaT9L2CRgJ+AvTuQMJ7JOv2p2OJE3OZGzCBMinyaEHLRyDbBzkTO5hJCshRPHq5jbPeU08hMNLEhFwg7jhJlzIos7kZc6kelO5FVOZC0nsn0s6PktJ3KjE/kb4TPiHkKYbacrVjcAG3vVvFXnbv8MU4H3J5qcX+Celb7zqrOB7yaaHDTMNXyqYGRSeA1K/LA9Fdi7jeb/Inw4fSf1oeNEliLkMv8MYX9BK2cR4lk7zgrkRBYi5B/Pm82Z4VU36vS8g+ZETiZ/38Y/gFd2mp/biUwjZGVoZq5XreygO24Y/Rn5Ocvn73e+8tiHvA/Nx71qq4Fut9c9lfzaAC8QfhZqsdI1xomsQ5iJzPMOr3pLH68/CfgEIdSm08+ZRwgx+tcTKp52FRsfUzG/iVAobRs6K5g2l7Dh86giN4PHUKz7yc/gdjuwbhVTO6Y4kaPJX017CFghrhp0cs7XAX/MOfwI+ZmwIExwLhC/XPxvWQXMTgYO6cfGXCfyFeCTiSav96p/Kvq6/eREXgPcmWiyjVdNFaczPbBBQAniB+JRtL856CnCze8P8etZYDXgdfFruQ4ufyOwebc3JCeyN/DNRJPNvGqV0yY25URWAu4mfzVsB6/aUYq1Og8CAGLWll8AyzY5PJSDACeyDDCT/MH0RV51x6KvWwYnMoP8NI3XetXNSujDFoRws9TMdyu/ITwk/IuQda3x63FgcUJWn6Xif6cC68avbq77GCGO+/oe+txULCj1nUST7eJ+slqJ9777gPlzmuzuVc/p8JypQUAV3Q/s6VV/1I+Tx0iBmeSv+t/gVd/Tj2v3mxO5ivzEI7d51beW2Z9RYoOAEjmRj9NlXH6X7gA26HaTUCzucxeQF697J2HmobJpE1OcyEWEKrrNdDwjV/dBAECslTCDsIzfaFgHAYcDRySarOVVU0XmKsuJvJcQzpLnNWXEnjuR1xJCXDbt97UK8AfCzOO9RZ84Tgb9npAhqZn7gFcVHHpUGidyDvl7x/4IvKHD+2ldBgHPEkKiPtPPug5O5EDS+y/6urrXT07kraRDUtepaKX22qv8Q8kw8apHE+JBy1jqvQbYsMcsAZuTPwAAOLauA4AoFXu7NiFjzEiJN9qdKOdndKCciCOdhm5GXQcA0fWk03aWkrnFq97pVd9L+H26uYxrduExwmDwLf0YAEQbkz8AADiurgOAKLU37PWEP/8w+Q/wBWC6Vz2wzwOAKaSL/f0O6MsKREluIx2+ONQ1JwbJBgEl86pnADsSQn765YvAll718R7Pk8qY8hD1yJueKz7gpWZORvLG41WvpA/VZSvoA8AyieN126A5Tht53HeN4VBl9efnXnVjYCPCh34VPErYW7WCV/1CD8kT2pG6nz5C6wxvlRZj0VOhocNwP32UkIhjd8LD/xExLW+/bQOskDh+dN32kTSKfU9FSYxMDZ+y2SBgAGKs+SsID+u9Pqg3+guwqVc9vNcZeieyLumNdCd2utGrolIPSVvHDEwjx6ueSEjfNpRiqFuq4M6dhAwfdXcBkJctxJG/IbpvvOoMYAPg3YRBeF/DzHL8BziM8PD/5QImTJJibvdNEk1O7fMApCyp++m7nchqpfWkd88BfyMMbD4JrAks61W386rnlFU3pI1ChjMJA5O6u4qwT6+ZkarhU6Z2UqSZPoipww53IscRstQcTNjY1o0HgMOB7xa4nLwG+fHEc6lX3vSUGwnFlfKyH61LKA7TDk/676xuDiXsG1qJcvr/HPl/f0WvnL2a8IGT96FzVs1D3QDwqupEPg1sl9NkuhOZVPYsYrzejcCNccPj24B3Eh6UX92ny/6JEI50M3BzyQ/da5Pen3FyWR3ps1sJlWDzsh+tQ3uVpSGkHb26iE418SzhnvJ05usRwv3+XmBWRcKzphM2xef9/FzYj0xEZfOqc+K9Km9fyXJOZHJF/k2Ghm0MrohYGW8Pwk3ylYRY/Jck3nI/4QZ5DfBjr6p976QxxvSZE1meeQOCVxFCtpahdVXfRk8QQhZvA34I3NJtqlFjjBlWNgiosFgPYBXCoGBBQnn2h+J/Z9c5BtAYY9oVQyIWZt6AYBnC6t1CwMOZr0dsUsQYY4wxxhhjjDHGGGOMMcYYY4wxxhhjjDHGGGOMMcYYY4wxxhhjjDHGGGOMMcYYY4wxxhhjjDHGGGOMMcYYY4wxxhhjjDHGGGOMMcYYY4wxxhhjjDHGGGOMMcYYY4wxxhhjjDHGGGOMMcYYk2/SoDtgjDHGtDJ92tQ3Ay+N3/595qzZfxlkf4wxpu5sEGCMMabSpk+b+i7gGmBKfOl/wEYzZ83+9eB6ZYwx9WaDAGOMMZU1fdrUNYEZwMKZQw8DK86cNft/pXfKGGOGwHyD7oAxxhjTzPRpU18JXMfEAQDA0sA25fbIGGOGhw0CjDHGVM70aVNfCtwILJNo9kRJ3THGmKFjgwBjjDGVMn3a1EUJKwArJZrNAm4pp0fGGDN8bBBgjDGmMqZPmyrAZcCbE83mADvOnDXbVgKMMaZLNggwxhhTCdOnTZ0POAt4Z4um+82cNfunJXTJGGOGlg0CjDHGVMXXgJ1btDli5qzZp5XRGWOMGWY2CDDGGDNw06dNPQT4WItmpwNHlNAdY4wZelYnwBhjzEBNnzZ1J+D8Fs2+D7xv5qzZc0rokjHGDD0bBBhjjCnc9GlTXw844G8zZ81+PNHuHcD1wPyJ0/0EeNfMWbOfKbaXxhgzumwQYIwxpjDTp019CyFkZ2xz77+B98+cNfvmJm3fBPwYWDRxyj8BG8ycNfu/BfdzMrAcMD3+dwohRHZy/JoE/B3408xZsx8t8trGGFMFUwbdAWOMMfU3fdrUNYAvAu/JHFoW2AK4OdN+RcIKQGoA8ADwnl4HANOnTV0eWA/4P+CNhAf/l9PmZ+D0aVMvB3aYOWv28730wxhjqsQGAcYYY7o2fdrU+YHDgU8zMdnEP4BzgRMy71mGUA34pYlTP0oIAZrVRZ8WBjYHtiQ8+C/f6TkytgHWB2b0eB5jjKkMGwQYY4zpyvRpU1cCvges2/Dy08ClwDnAj2fOmv1C5j2LANcCqyRO/Qyw2cxZs//SQV/mBzYB3k94+F+43fe24QXg7gLPZ4wxA2eDAGOMMR2bPm3qlsB3GR/Oczmw58xZsx/Lec/8wMXAWolTzwG2mzlr9s/b7MfiwL7AQYTQo364Yuas2f/s07mNMWYgbBBgjDGmI9OnTd0UuITxGX0OB47Kzvw3vGcScAYT9wxk7TVz1uxr2+jDMsCBwP7A4u30u0szgN36eH5jjBkIGwQYY4xp2/RpUzcCLmPeAOAZYKeZs2Zf2eKtR9H6Yfr/27vzIDmL847jXx1gEOwuIBCi07RixFFRMJcx4YgxBGwKDCaAwxmwQQl2JTFOQhICFI45xB0O44TbskBgMC4IhphbHIWMOYwJZTshJGA6nUYGHLK73Agrf7zvhtUeMzvH2+/MO79P1Vah2bf7eaqomp1n+nhO8SEurhN/LeBkssZis+pn3LR3gPOB83yIbxUYR0SkFCoCRERkSvLrP+8gu/9/xKJ6BYCz5itkH9xruQw4t848nwb+Edi8frYtuQk4yYfoC44jIlIa9QkQEZG68jv9H2T1rTcvAgt8iO/UGPcHwM3U/nvzXbLVhMm2Es0FLgKOaDTvBv0Y+KoPcXnBcURESqeVABERqclZ81vAvYzfe39inQJgD2AptQuAZcAxNQqAvYEbgY0ayblBK8iuOF0yWR4iIlWjIkBERCaVN/V6ANhwzK+eBP6pxrhtgNuBNWtM/wxwkA/x3QnGTwdOJes+XOSq9YXAGT7E4QJjiIh0HBUBIiIyIWfNbOBuYJMJfv2wD3HVJOPm5eP6a0z/Ilk34KFJ4l5P/ZuEWrEK+JIP8eoCY4iIdCwVASIiMo6zZm3g+8CWkzzy40nGzSbrBjxR4TDiVbJuwCsmGL8ZcB+wWUMJN2YlcLQP8aYCY4iIdDQVASIishpnzQyyTsC71njsqQnGzQLuBLaqMe5NYD8f4rgOvM6arcnOHtQqIFr1LvB5H+KdBcYQEel408tOQEREOkfe1Oti4KAajw0C/zlm3EyyW4B2rjFuJXCwD3GiAmJn4BGKLQAAvqkCQERERYCIiKzuROArdZ4ZHn0eIC8crgD2rzPuiz7Ee8e+mDcgux9Yv8Fcm3FFghgiIh1PRYCIiADgrDkcuGAKj469KehMYGGdMSf6EG+YIObGZH0C1plSkq2524f4HwniiIh0PBUBIiKCs2Yv4LopPr5Wvv9/pBvwqXWev9CHeNEEMacBVzK+qCiKVgFERHI6GCwi0uOcNTsAtwFrNDBsQ2fNrsCldZ5bCpw0ye/2Bw5sIGar/ithLBGRjqaVABGRHuasmQ/cBfQ1OPQwspWDWo287gGOq9GFd7cGY7YqxZkDEZGuoJUAEZEele/HvweY08Tw8+v8/kmyqzjfr/HM1k3EbYWKABGRnFYCRER6kLOmn2wFYH4B0z8PfNaH+Ead59YrIHYtKgJERHIqAkREeoyz5iPArcD2BUy/gqwb8KtTePaBAuLXsmfieCIiHUtFgIhID3HWTAeWAHsVMP0wsK8P8cUpPn93ATnUcriz5rcTxxQR6UgqAkREekR+JeclZId62+094EAf4jMNjHmCrEtwKtOA0xPGExHpWCoCRER6x99Svxtws870IT7YyAAf4gfAEcBUtg61yyHOmiK2QYmIdBUVASIiPcBZcyxwdoEhFjQzyIcYgaOAya4RLcKF+bYoEZGeVet+ZxGRysg/9O0C7ANsDnwUmE22j30IiMAy4D4foi8rzyI4aw4gawY2o8AwQ8BGPsT3mhnsrDkSuJ50X06d5kM8K1EsEZGOoyJARCrNWbMeWcfaYwAzxWHPAbcA5/sQh4vKLYW8q+8DwFoJwu3iQ/xRs4MTFwK/Bj7tQ1yWIJaISMdRESAilZQfgv0TsoOgs5ucZgVwMnBdja63HctZswB4lDT34/8SmOdDfLeVSZw1RwBLSVMIvAJs50N8OUEsEZGOoiJARCrHWbMWsBg4fAqPv01WKMwlu0d+2wmeeRTY34c42LYkC+as2RT4IWAThBsG9vYhPtGOyRIXAo8Ae/kQVyaIJSLSMYrcHyoikpyzZhZwL7DfFIec7EO8YHBo+J7BoeErBvr7/oFsq8hOfPge6YA9Bvr7bhkcGm7pm+4UnDUbAA9STDfgsd4j6w68vF0TDg4N/3Sgv+954CCK/7JqHrDm4NBw6sZlIiKl0kqAiFRGvgVoMfCFBoatJDsvcJMPcdWoubYALgX2HfXsY2TfeL/VhnQLkRdB9wG7Jgi3CjjUh/i9IibPVwRuIM3fqgN8iHcmiCMi0hG0EiAilTHQ33cc8LUGh00HDgGOHOjv22Sgv+/fBoeGhweHhv9noL/vO8BmfLhFaFPg3cGh4ZQNrqbMWTMT+B7FdAOeyNd8iFcUNXm+IvArpr6q04p9Bvr7lg4ODXf1QXARkamatv7CHU4rOwkRKcU9r1/7dFv2cHcCZ83awAtke/tbMUR2m9CVPsRV+Qfr75JtTQF4C9giv9++Y+SrINcAxyUKuQKYn2JVxFlzLtn/k6I9AHymGw+BN+slt9VOZNfmikiPmQmcUXYSIlKKIaAyRQCwkNYLAIB+4HJgA+BsH+JKZ81RwC+AOcAs4OvA8W2I1U5nka4AADgn4baok8mudz264Dh7AX8JXFhwnE6yC/ocINKT1DFRRKqi3R/KFzlrDgLwIb5NVhiMOLiTOs46a04ATkkc9tZUgfKzGn9EdtahaGc7a3ZIEEdEpFQd80dMRKRZzpqNgI8VMPW5zpqRs1OXk90aBFnfgW0KiNcwZ81hwCWJw74M/HfKgHkn4kOAnxQcag3gRmfNOgXHEREplYoAEamCTxU075Z8uAXlA1Z/z/y9gmJOmbNmb7IOu6lvent29E1KqeTdm/cDXio41FbARQXHEBEplYoAEamCgQLnvtpZ89eMv3Z0wwJj1pVvWbmN7Jvror3J6tt/PkgQc0I+xBXAUWTXkxbpeGfNzgXHEBEpjYoAEamC1wuceyZwPuMPi5Z2g4yzZj5wF7BugnArgYOBp0e9tmaCuJPKG5NdkCDUefmtSyIilaMiQESqoMgiYDLJt8MAOGs2JuuIPCdRyGN9iPeOeS3F6kM9fwf8rOAYu5OmR4GISHIqAkSkCsooAl5IHdBZ00+2ArBZopB/40NcOsHrpX877kN8B/jjBKFGHw4XEamMmWUnICLSBi8Ab5Bme8yIexLGwlnzEbIzANsnCnkJk9+XPz3PaQ3gE8DmZH9P7vUhhjTpgQ/xMWfNwxR3MBxga7LD4d8uMIaISHJaCRCRrudDHAKuShjy2ZQdg/OeBNeR7kaim4ETa9wANPK3YxGwHFgCXAssS5DbWOcliHFm3pFaRKQyZgInlJ2EiJTikbITaLNLyN7PUqxwXp0gBgD5wdRLgUMThVwGfMGHWOvg80gR8PExr2/hrBnwIQ4Wk9qE7gZ+SvaNfVEsWbOyywqMUZaH0OcAkZ5U+r5OEZF2cdYsAY4pOMzTwE4+xCTXZDprTiH7xj2FfwF2z1dWxuZxKnBW/s/HgU8CrwH9Yx5d4EP810KzHJ/bnwMXFxzmaR/i2KJHRKRr6UyAiFTJ2cCRFPfetgr4csICYCHpCoCXgH1HCgBnzW8CfwZsQNYTYY9Rz24OXMP4AgDKuTXp/gQxdnDWLPAh/jxBLBGRwulMgIhUhg/xObJtQUW5zIf4ZIHz/z9nzedId87hV8A+PsSXR712Yv5zLHAA0Dfqd7MpfsWlET8DfpkgztH1HxER6Q4qAkSkas4AXq77VONeAE4pYN5xnDW7kR3OTfEevRI4DnjdWTNn5AeY2+R8yVcC8gPMKVYD/jA/pC0i0vX0ZiYileJDHAb+qoCpF/oQ3yxg3tU4a7YD7gDWKjpWbiZwO9k36aN/Pp8ofrukWKGxrL4tSkSka6kIEJEq+g7tvf3oCh/iQ22cbxxnzWxnzWnAE8D6RcYqWCmdlIFXEsXRliARqQTdDiQileSs2ZH2fDv8FjDPh/hag/FnkF1buS2wDVmX3+n5z7T8Z+S/5+bPVeE9eSsf4r+nDuqs2Ru4L0Go/wU2qNFDQUSkK+h2IBGpJB/iU86afwY+2+JUVzVRAKxNthpxYIuxU3ocuJGs8/IqsiZcGzUxT1kfjl9NFGc9YB7wi0TxREQKoe1AIlJlp7c4/n3g7xsZ4KwZIGtg1U0FAMCOwCs+xG/5EBeTNeDqJuN6GxRou4SxREQKoSJARCorv87zrham+LYPMUz1YWfNumRbUnZvIWZZZgA3OGuOzP99EfBeE/OUtRKwZcJYKgJEpOtpO5CIVN3pwL5Njr18qg86a2YCNwGfaDJWJ5gOXO+sme5DXOqs6SM7pLwBsC7ZB/yRD/lrkh2+7pS/Iyk/mKsIEJGu1ylv3iIihfAhPu6seYbGP7h54JmpPOismQZcRuvnDzrBdOA6Z80MH+ISPrwydBxnzbPADmNefqfg/CajIkBEpAHaDiQiveDhJsbc1cANMCcBX24iRqeaBix21hxX57k45t8fkN2ek1RehH08Ych5zppuvsZVREQrASLSE5YDX21wzITffo+V76E/p+GMOt804FpnzSbAuT7EDyZ45myy7UFzgeeBh32IbyTMccTRwBaJY36M9vaiEBFJSkWAiPSCNZoYU/dQrLPmU8DiJubuJmcBn3HWHO1D9KN/4UN8DPhcOWllnDUbAxeXEHpuCTFFRNpG24FEpBe4Jsb8Rs0JrTkUuIPsgGzV7Q4866w5rOxEJvANsoPLqTXTQ0FEpGOoCBCRXrBbE2MOdNaMe4901qztrLkSuBnoazmz7jEA3OSsWeKs6S87GWfNLGfNpcChJaWwYUlxRUTaQkWAiFSas2ZrYP8mhhpgzzFzLQCeAI5vQ2rd6hjgGWfNrmUl4Kz5HeAnwAll5YCKABHpctPKTkBEpCj5rTG3Ar/f5BQvkV0HOQh8EfgmMKstyVXDD4BzfIiPFhkk//84H9gJ2ANYSPlfYt3sQzy85BxERJqmg8EiUmUn03wBADCP7ODvm8BRbcmoWvYD9nPWLCe7IekHDVyrOvpqz0MBC6zD+A/3awPbU86+/1reLzsBEZFWaCVARCrJWXMA8P2y8+gxzwLnArf4EFfWetBZswZwDdn2om50iQ/xL8pOQkSkWWUvp4qItF1+beS3ys6jB20D3Ag876y51Fmzv7NmssPTF9G9BQDAq2UnICLSCq0EiEil5FtMbgcOKDsXAWAl8CPgfuA+4ElgDvAizfVv6BRf8iFeVXYSIiLN0pkAEamaTVEB0ElmAr+b/3wdGAYi3V0AALxWdgIiIq3QdiARqZo5ZScgNfUBW5WdRItWAY+VnYSISCtUBIhI1aiTqxTtIR/iy2UnISLSChUBIlI1O5WdgFTeN8pOQESkVToYLCKVkd9E83OyO+dFinCbD/HgspMQEWmVVgJEpBKcNXOAZagAkOI8B/xp2UmIiLSDigAR6XrOmo8Cy4Edy85FKusp4JM6CyAiVaEiQES6mrNmW+CHwOZl5yKV9DawCNjTh6gGYSJSGeoTICLdbhEwt+wkpJLuAo73IYayExERaTetBIiIiEzsThUAIlJVKgJERERERHqMigARERERkR6jMwEiIhNbpTm7Yt6icgX4dYFzi4iU6v8AdW6wl9HuRZEAAAAASUVORK5CYII=
3	FALEGNAME	s@h	111111	Style House	Style House	Paolo	Miglio		ITP4567ITG453		Via Torricelli	Francavilla Marittima	87072	CS	data:image/png;base64,iVBORw0KGgoAAAANSUhEUgAAAJgAAACYBAMAAADq7D0SAAAAJ1BMVEVHcEwAAAAAAAAAAAAAAAAAAAAAAAAAAAAAAAAAAAAAAAAAAAAAAAB+jSoGAAAADHRSTlMAgMBAKNlmEKXwkFBRgyUmAAAEoUlEQVRo3u2az08bRxTHn71bLwk9GBKUVOJgthCFygciV6iqfFjapqpTDpCQQNEeXBErUcRhU4kobXKwopgqqg+NhAqqONAoqVS1Bw70UIkDP2xkw/5RnZmdxeud2Xh3Zg8R2Xexdnbm452dN+9959kAiSX2NlNsKZtIYGcWpg5ImZFsrsTeZxPYAF8WCgWLd6OSDRyjPhhHW7d99YJ/YJ7Z0ZRlB8JumG4oaN4NA9MqdiCs4o0sV0LAztmBsH+749Sd3rAPA2GP/VFvThymbjIxNCsMW2YD8oElCMu4hJu6nmcnGg1Wom+dOPS3b5yrtiEE0xwPe+5ef+O8wTUhWB8ZO9pp+MnxXUsENo2H7ntbrhNaVQRWxyPLbNORAEz1DvSur8iTkYE51vNaIguQxjCDXZSqCAy3tphWc1/IafFinrCOXBaCFVHrHuvJIAybeVsOiArLvbOwvThhjbhgT1HrcVywD7oioSSMhLP5mGBKVySUhIHpT5QysF0SVy/FA0s72ehiLDCN5vNf4oC5edPe2I4Bdio12quWNIymNp7QE4Bp/3QUy6IhCQPF7NCaryVhkDG9utGSg4FS99BeWn7YUsG1T0PAiHrm0/LdMrAcAgbwtWfUrWDYr6FgoN3vaNutQNheOBhy36HTNbWCYDNhYWiu7kLMB8CaRngYqBX/o0V3DY99ZncJRzkYfEFgJ/HA4D8SQqx4YKrpPfFIwmDF4wPSMBIuT2KCkaPZcVwwrBmaccHO45cWF0z16HlpGHgqivIwM05Y/p2Fib6zFEcTaIIwzayysH4Ms6LDVrqP1B2hK7ADcLgpc/V8KzqsxB6qkQ0LndGVTfa4T3fTemSYUyFp8YJjVWyafuXufIMRHUarSpcYJSlUPXDqXe17nZaHtveVRa9rINprX2FpWyhvuqW4hSXk8upkzbkSK0VA/ybvt5aqoAy9zmEdC2vajxhWuyxeDa37YaMSattPkyr6evQne77L++AhwvbUqdrcuOdPBx8DRM0Bk5d1ZH/sMLnlOa93GvUtQ2TbgcQSO6umyP1a3R1MUnK/o2cT2JmFJZZYoE3pq0aKxJNrSDhqFzIkTX+PrnF9ehL7IpLdn+t/I0GC3WoKX/xpkX/a+DN6pjlQO0zrYwe6XtpCB/31dA43j6Pkj2XVIFYVE/BDa6A+BwquwxWh72DgxZ7SRD22fLDpKvk/Au6XaaCuZQem09sOTLttgPqdQWHL6IEM5ZAzy6JzDiT9xgBuAg/Wh2X8So7ChsgALszowKbLqQYX9hS/nEyjJ+zHuQ4stVbKcmG75PGPKKz4cxBMNRe3XRgs1IDCxmi2GEKfwxPDpOsIhWU2RwxQWugOewp40866sOJhGBg8qjW3+TCAG/suDIN6TxMXEhvcaWJ71gs2jRdAaagYsEvOkC8DYYO9YOl55yY+aNfolHmwJ+hrFnrB1A00z7oBL5Dv7sNXaNmOuLDl2UJlrQs2i/+kNkb3Jt1OpcVC5Tfkt78X6jmorxb+micLwBztX9kLyG9V8jzn8e7E+t14RffmA/wVBmiD9ieoF/q4gta/Zo9Yqs7Zm4kl5rP/Ab5EQqS2qnlvAAAAAElFTkSuQmCC
2	FALEGNAME	i@i	111111	Idee Legno Snc	Idee Legno Snc	Mirko	Falbo		IT5664874829		Via Roma, 18	Roma	10014	RM	data:image/png;base64,iVBORw0KGgoAAAANSUhEUgAABOEAAAEsCAYAAACFa6cmAAAGGWlUWHRYTUw6Y29tLmFkb2JlLnhtcAAAAAAAPD94cGFja2V0IGJlZ2luPSLvu78iIGlkPSJXNU0wTXBDZWhpSHpyZVN6TlRjemtjOWQiPz4KPHg6eG1wbWV0YSB4bWxuczp4PSJhZG9iZTpuczptZXRhLyIgeDp4bXB0az0iWE1QIENvcmUgNS41LjAiPgogPHJkZjpSREYgeG1sbnM6cmRmPSJodHRwOi8vd3d3LnczLm9yZy8xOTk5LzAyLzIyLXJkZi1zeW50YXgtbnMjIj4KICA8cmRmOkRlc2NyaXB0aW9uIHJkZjphYm91dD0iIgogICAgeG1sbnM6eG1wPSJodHRwOi8vbnMuYWRvYmUuY29tL3hhcC8xLjAvIgogICAgeG1sbnM6cGhvdG9zaG9wPSJodHRwOi8vbnMuYWRvYmUuY29tL3Bob3Rvc2hvcC8xLjAvIgogICAgeG1sbnM6ZGM9Imh0dHA6Ly9wdXJsLm9yZy9kYy9lbGVtZW50cy8xLjEvIgogICAgeG1sbnM6ZXhpZj0iaHR0cDovL25zLmFkb2JlLmNvbS9leGlmLzEuMC8iCiAgICB4bWxuczp0aWZmPSJodHRwOi8vbnMuYWRvYmUuY29tL3RpZmYvMS4wLyIKICAgIHhtbG5zOnhtcE1NPSJodHRwOi8vbnMuYWRvYmUuY29tL3hhcC8xLjAvbW0vIgogICAgeG1sbnM6c3RFdnQ9Imh0dHA6Ly9ucy5hZG9iZS5jb20veGFwLzEuMC9zVHlwZS9SZXNvdXJjZUV2ZW50IyIKICAgeG1wOkNyZWF0ZURhdGU9IjIwMjYtMDItMjRUMTc6NTI6NTIrMDE6MDAiCiAgIHhtcDpNb2RpZnlEYXRlPSIyMDI2LTAyLTI1VDIxOjE0OjI3KzAxOjAwIgogICB4bXA6TWV0YWRhdGFEYXRlPSIyMDI2LTAyLTI1VDIxOjE0OjI3KzAxOjAwIgogICBwaG90b3Nob3A6RGF0ZUNyZWF0ZWQ9IjIwMjYtMDItMjRUMTc6NTI6NTIrMDE6MDAiCiAgIHBob3Rvc2hvcDpDb2xvck1vZGU9IjMiCiAgIHBob3Rvc2hvcDpJQ0NQcm9maWxlPSJzUkdCIElFQzYxOTY2LTIuMSIKICAgZXhpZjpQaXhlbFhEaW1lbnNpb249IjEyNDkiCiAgIGV4aWY6UGl4ZWxZRGltZW5zaW9uPSIzMDAiCiAgIGV4aWY6Q29sb3JTcGFjZT0iMSIKICAgdGlmZjpJbWFnZVdpZHRoPSIxMjQ5IgogICB0aWZmOkltYWdlTGVuZ3RoPSIzMDAiCiAgIHRpZmY6UmVzb2x1dGlvblVuaXQ9IjIiCiAgIHRpZmY6WFJlc29sdXRpb249Ijk2LzEiCiAgIHRpZmY6WVJlc29sdXRpb249Ijk2LzEiPgogICA8ZGM6Y3JlYXRvcj4KICAgIDxyZGY6U2VxPgogICAgIDxyZGY6bGk+RG9tZW5pY28gU2FudGFnYWRhPC9yZGY6bGk+CiAgICA8L3JkZjpTZXE+CiAgIDwvZGM6Y3JlYXRvcj4KICAgPGRjOnRpdGxlPgogICAgPHJkZjpBbHQ+CiAgICAgPHJkZjpsaSB4bWw6bGFuZz0ieC1kZWZhdWx0Ij5MaWdub1N1aXRlPC9yZGY6bGk+CiAgICA8L3JkZjpBbHQ+CiAgIDwvZGM6dGl0bGU+CiAgIDx4bXBNTTpIaXN0b3J5PgogICAgPHJkZjpTZXE+CiAgICAgPHJkZjpsaQogICAgICBzdEV2dDphY3Rpb249InByb2R1Y2VkIgogICAgICBzdEV2dDpzb2Z0d2FyZUFnZW50PSJBZmZpbml0eSAzLjAuMCIKICAgICAgc3RFdnQ6d2hlbj0iMjAyNi0wMi0yNVQyMToxNDoyNyswMTowMCIvPgogICAgPC9yZGY6U2VxPgogICA8L3htcE1NOkhpc3Rvcnk+CiAgPC9yZGY6RGVzY3JpcHRpb24+CiA8L3JkZjpSREY+CjwveDp4bXBtZXRhPgo8P3hwYWNrZXQgZW5kPSJyIj8+ReDZOwAAAYFpQ0NQc1JHQiBJRUM2MTk2Ni0yLjEAACiRdZHPK0RRFMc/HiJGo1hQFpOwmpEfJTbKSENN0hjl1+bNm3kzama83htJtspWUWLj14K/gK2yVopIyVqWxAY9582bmknm3M49n/u995zuPReUaFrLWFU9kMnmzEgo6Judm/fVvKLQSjMe/KpmGSNTU2HK2uc9FU68DTi1yp/71+rjCUuDilrhYc0wc8LjwuHVnOHwjnCzllLjwmfCflMuKHzn6DGXXxxOuvztsBmNjILSKOxLlnCshLWUmRGWl9ORSa9ohfs4L/EksjPTEtvF27CIECKIjwnGGGWAXoZkHiBAH92yokx+Tz5/kmXJ1WQ2WMNkiSQpcvhFXZHqCYm66AkZadac/v/tq6X397nVPUGofrbt906o2YafLdv+OrLtn2OofILLbDF/+RAGP0TfKmodB+DdgPOrohbbhYtNaHk0VFPNS5Xiiq7D2yk0zEHTDdQtuD0r7HPyANF1+apr2NuHLjnvXfwFY1dn5DP7eKEAAAAJcEhZcwAADsQAAA7EAZUrDhsAACAASURBVHic7J13mCRV9b/f2T0fdslZgiA5CQhIkAwCioAiKIogRgQVkKDwBVEUMACiEhQRiQIiooAEyTlJkCigJCUHyWFhl1u78/vjVv+mtre6u6q7uqdn5rzPc5+Z7r733FNV3TPdnz5hAGdUYNIAsAywHDA/MF868n4fAH6XhLDf8HjrOI7jOI7jOI7jOI4zthgYbgec9jFpAWBTYLN0LFrSxFxJCK9X7pjjOI7jOI7jOI7jOI4zHTbcDjjFMWl2YEOGhLeVOzS5KnB9p345juM4juM4juM4juM4zXERrs8xaRZga2BH4GOAKjS/Mi7COY7jOI7jOI7jOI7jdB0X4foQk4wY6fZ5YFtg1i5tNVOX7DqO4ziO4ziO4ziO4zgZXITrE9LGCmsTI962JzZR6DaDPdjDcRzHcRzHcRzHcRxnzOMi3DCSCm8rEUW3HYEleuyCi3CO4ziO4ziO4ziO4zg9wEW4HpMR3j4DfBZYbhjdmTaMezuO4ziO4ziO4ziO44wZXITrAX0mvGXxSDjHcRzHcRzHcRzHcZwe4CJcl+hj4S1LZSKcST8g1rS7LR23JyG8UpV9x3Ecx3Ecx3Ecx3GckYyLcBXSZ8Lba8C96dgWWDRnTpWRcBsBmwBb1O4w6WGGRLnbgPuSEN6tcE/HcRzHcRzHcRzHcZwRgYtwFWDS+4nNFT4LLD8MLrwMXMOQ6HYv8HQSwmDq3wXA1TnrqhThZsu5b9l0fCG9PdmkuxgS5W5OQni6Qh8cx3Ecx3Ecx3Ecx3H6Ehfh2sSkZYnC2/bAisPgwsvAecCfgWuTEJImc29rcH+3Rbh6JgLrpgMAk/4L3AjckP58pCYeOo7jOI7jOI7jOI7jjBZchCuBSfMAXwU+D6w6DC68ApwPnEMU3kKRRUkIk0x6GZi37qEqu6PO1Oa6JdLxxfT2CyZlRbl/JiFMrcA/x3Ecx3Ecx3Ecx3GcYcNFuAKY9AHgW0TxbeYeb/8WcC7wR+CaosJbDnmCW5URZ+36Vc8CwHbpAHjdpJuJ6bSXAA95pJzjOI7jOI7jOI7jOCMNF+EaYJIB2xDFtw17vP004ArgDOCCJIRJnRgzaSZg/pyH+lGEq2dOYMt0/AJ43KRLgUuJomRH58ZxHMdxHMdxHMdxHKcXuAhXR9rh9JPA4fS+u+ndROHtj0kIz1dot9FxVCnCNatJVyWLA99Mx7smXU8U5C7Fo+Qcx3Ecx3Ecx3Ecx+lTXITLYNLawJHA+j3c9mngD8AZSQgPVG3cpJmJEWR5DFS4Vbci4ZoxE/CRdPySGCV3CVGQu9aj5BzHcRzHcRzHcRzH6RdchANMWgL4GUN1yLrNw8QGC+cDdyQhVNYgwaTxwAeBzdKxHjChwfRxVe3L8Ihw9SwO7JaOKSbdQBTkLgEe9ig5x3Ecx3Ecx3Ecx3GGizEtwqWpp18DjgJm7fJ2dxBFt78mIfyrKqPpMSzNkOi2CTBXweWjTYTLMoHpo+TuNelY4KwkhMnD6pnjOI7jOI7jOI7jOGOOMSvCmbQgcBKwVZe2SIDrgL8Smys8XZVhkxYANiWKbpsC72sw9T/AXcQIsTVyHh/p6ahlWAU4GTjCpBOA3yQhPDvMPjmO4ziO4ziO4ziOM0YYkyKcSdsBvwXmrdj0IHA1sbnCRUkIr1Zl2KQ5gU8DOwEbM6OANghcT0y9vBO4u7a/SesDN+aY7XYk3CPAccTIvDWANYEFKtyzHeYDvgfsb9KfgWOTEG4dZp8cx3Ecx3Ecx3EcxxnljCkRLk3d/DFwYMWmHwNOA05PQniyKqMmzQRsQRTePkF+bbe/A2cDf2kS2dWo4UO3RbjbkhCOqd1Iz//CREFudYaEufkq9KMoBuwA7GDS7cAxxHP47jD44jiO4ziO4ziO4zjOKGfMiHAmTQBOAXasyOQk4BzgVOCmqor+p0LVOsAXgc8A8+RMewA4HfhTEsITBcy+0+D+botwc2ZvpOfomXRcAP//eJcCNgA2TH8uVaFfRViL2KH2JyZ9Kwnh4h7v7ziO4ziO4ziO4zjOKGdMiHAmzU1sirBRBeZuJNYWOzcJ4a0K7AH/P910J+AbwEo5U14kCkWnA/eUFP0aRXd1uybcnDn3TUd6HI+m41QAkxZmelFu5ercbMriwEUm/RXYq8qoRsdxHMdxHMdxHMdxxjajXoQzaXFinbQVOjT1FLBHEsKFHTuVwaTVicLbjsAsdQ+/S4wYOx24PAmhreYHSQjTTHoXmKnuoW5Hwq1q0geTEO4qYyhNq/1TOjBpHmA9hoS51enuc3cb4CMmHQwc0+55dxzHcRzHcRzHcRzHqTGqRbhU4PobnTUDmAYcDfywqsg3k2YFPkcU3/K6lt5CFN7OqbC5wxR6L8LNAVxt0reAm4HH20nbTUJ4BbgoHZg0G/BhYr28LYgRbFUzK3Ak8CWTvpGEcHMX9nAcx3Ecx3Ecx3EcZ4wwakU4k7Yi1myrjy4rwx3A15MQ7q7AHwM2Iaacfooo8mR5nNhV9YwkhEc63S+HycDsdfd1Ox0VYmfUM9LfXzLpDuB24rm9Iwnhf2U3SsXQi4ipowPAsgwJchuR38CiXVYCbjLpNOCAJIQXKrTtOI7jOI7jOI7jOM4YoUoRpm8w6RvAcbQf6fUmsYPq8UkIUzvwYwBYjSi87QAsmLPPn4HfE5s7TGt3rwK+PAUsUnf3d5MQDq/I/jHAnm0sfQC4GrgKuD4J4Y0O/ZgV2JiYUpqX4tsJbwAHA7/2FFXHcRzHcRzHcRzHccowqkQ4k8YBPwX278DMucSi/M904MdiRAFoJ+D9dQ9PA64gpptekITwdrv7lPTpEWDpuru/l4Tw04rs/xz4Tt3dg8SU26cZque2JqAGZqYSo+SuIgpztyYhTOnAp7mBrwB7AEu0ayeHB4E9kxCurtCm4ziO4ziO4ziO4zijmFEjwqXpnqcSha92mAR8KQnh3Db3nwvYLt0/rwvr/cSIt7PSxgM9xaT7gRXr7j4oCeHHFdk/nBnFz/uSEFapmzcL8CGGRLl1gZkbmH2b2I32qnTc1060oEnjgS2JkXqblV3fhHOB7yQhPFGhTcdxHMdxHMdxHMdxRiGjoiacSQL+AHymTRNPA59IQrinjb2XA/YBvgRMrHv4xdSv04F72mlKUCGTc+7rdk24GWrbpZF/16YDk2YCPsiQKLc+sY4cxFTSzdMBsabcNcQoucuLil9pSnGthtwKwLeBnen8+D8NbJUKkD9LQninQ3uO4ziO4ziO4ziO44xSRnwknEkTgD8Bn2zTxD+ArZMQniux5wBRMPoO8Im6h6cAFxKj3q7ol9phJt1MjDrLcnASwiEV2f8BUG/rgiSEbUraGUdshrBhZjTqbnsP8Nd03FdG5Ew75/4GWKuMf014Fvg18LskhJcrsuk4juM4juM4juM4zihhRItwJk0kpgRu2aaJ84AvFK3LlkbcbUcU31ave/gfwEnAOUkIr7bpT1dIhcoXgDnrHjo0CeGHFe3xXWI9viyXJiG0e21qdgeItexqgtwG5Nd3e4IhQe6mJISkgO1xwNeAw4G5O/Ezw2TgTOCYJIT7K7LpOI7jOI7jOI7jOI4zPJg0i0lXmjTY5jgsFWGK7DWnSfua9GSdjXdMOsWkNbt9vGUxaaJJq5i0k0l3NzgHh1a437459q+qyn7dXoumx3WOSZNy9n3ZpN+btFkq4rWyN79JJ3fwXGo0rjLpE0WfZ47jOI7jOI7jOI7jjF5GZCScSbMRa3xt3MbyAOyahHBawb22BU4A5s/c/QzwS+C0JIRX2vChMtKaassRUzhXIjZfWBFYEmgl/vwkCeH7FfmxF3B03d03JiFsWIX9JvvW6sZtR0wNnr1uyi3AwcBVrdJVTVqPmKL6gYrdfAz4FXBqEsIbFdt2HMdxHMdxHMdxHGcEMOJEOJPmBC5hxvpmRXgF+FQSwvUF9zkW+GLm7leBw4BfD0cR/lRw2pBYx6wmui1D+w02DktCOLAi33YDjqu7+7YkhLWrsF/Qh4nAR4CvA1vVPVxIjEu77O5OrG9Xn77bKW8CpwC/SEJ4qmLbjuM4juM4juM4juP0MSNKhDNpbuByoJ30z4eBjychzNCxM2efTYFTgUXTu94BjiF2wOxZvbc0lXIV4KPp2ACYqcmSN4H/Ao/XDYC/MGNk3BFJCAdU5OsuwO/q7n4aeN9wdIU1aVlgT+ArxC6rNW4minFXtxDj3kMUXL/aBfcCsWPu4UkIj3bBvuM4juM4juM4juM4fcaIEeFMmg+4AlitjeW3Alu1Sh1NI80OI4o3NW4EdkpCeLKNfdvCpCWBnYhReEs1mPYc8Hfisd0G/BN4rZGwZNI/iZFzWX6WhLB/RT5/mShc1vNHYrfYu4BHkxCmVbFfCb/mBnYFDgTmyDx0GbBzEsKzLdZ/iJhK2o26f9OInX1/6k0cHMdxHMdxHMdxHGd0MyJEuDQq6Spg5TaW3wxs2aoWl0lrEaOTlkvvmkZMSfxJEsLUNvYtRZr++hmi8LZBzpT7gSuJotutwFNlIsxMugDYuu7unych7NeexzPY/wLx/DXjTeBu4M7MeLgXwpxJCwK/AHbM3P0KsT7guS3WjiNG1B0OzNclFy8A9k9CeKhL9h3HcRzHcRzHcRzHcRpj0kImPdhmd8rr0iYOzeyPM+mHJiWZdU+atH6Pjm+NtDPn2zn+32/SD0xaoYJ9zsqx/4sqjiG1v1Ob1+jN9Drtm0YAdhWTNjXpoToffp+KoK3Wzm3SsSaFLnRSHTRpikmHmjRzt8+D4ziO4ziO4ziO4zi9pa8j4UxaBLiG2HygLNcAWychTGpi34CTmb75wrnALt2s/ZamvW4P7AasUffwv4kpin9OQnigwj3/TOwgmuWoJIRvV2R/R+APdXc/DWxJ7Fi6cmZ8AJirgal7gfOB84D7u1FPzqQJwH7A94CJ6d1PAF9MQrihwPrFgf2J9eKa1ehrl8eA3ZIQruiCbcdxHMdxHMdxHMdxnCFMWtCkx9qMKLoiFbqa2Z9g0vmZNW+btIvFZgjdOqblTDrKpFfr/H3bpN+atEo39jdpGZNeyjlPR1e4xw459u9rMHfApEVM2tqkY6xxpOMjJv3MpLUtpoRWiklLmvS3zH7T0v0mFFy/SOr/O12KjDvbpIWqPm7HcRzHcRzHcRzHcRwATJrNpDvbFC4uMWliAftXZsUik97fpWORSduZdHWOr49bTMOcp+I9ZzFpY5MOTEWmRumTx1a45/Y59p8qsX4Rk75iMW22XqQcNOkZk35tUjuNOZrtO2DSjia9ltnrXpMK1x+0KBgfadJbXRDiXjdp5yqP2XEcx3Ecx3Ecx3EcpyZaXdqmYHGRtYhisljX6++ZNRdYF2pwpaLSoSY9m+PnNSZtY9L4ivaaK7V3tEl3NBHd6sevqtg/9eGzOfb/16atmS3WmLuxgd83paKfKvR/MZOuz+wxxWKtwEJRcamN+Uz6cQMRsdPxy6qeL47jOI7jOI7jOI7jjHEsRiWd0qZIcb5JTetzWYxYurdOgKu0ppdJK5h0Wo4Q9o5Jv7MSEVZN9pjJpA1Ske/vJk3NOR+TUrHqWJO+bDM2Ixg06bgqjjn1absc+69UYPf9FlN4X8mx/4xJB5nUqL5c2b3Gm3RA3bV7wKR1S9qZ3aTvpP5VKcRdYNKsVRyr4ziO4ziO4ziO4zhjGJMOaVOc+Iu1iIqyGOn0SGbNhVUKcBa7nJ5rsa5Y1rcnTPo/k+btwPaASSuatJdJF1t+2uNL6XnYw6SVrS5qyqR9ctYc3/mR/3/7n86x/0aF9iea9HmbPlqtNl5Oj69w1FqLvVY36d8Z+9MspsLOUdLOBJN2tnwBtN1xp0kLV3GcjuM4juM4juM4juOMQUz6WpuixNkFBLilTXqyagEuFcc+bNPXl6uN60z6lMUOrO3Ynt9iSubvLT+i6mWTzjPpW6no1rRxgeWni57Q3pHn2v9Ujv2GnWk73GsFi9Fxb9ft91+TPmcVNLcwaVaTjq+z/5RJ25a1bzHC7lPWfp3D+vGUSat0eoyO4ziO4ziO4ziO44wxTNrSpKQNMeLMViKXxXpp2UiklnXjCvg7zmJnz1vr/HnHpJPaFUhS4W1Xk66yGVNMJ6fi4V4Wu6iW6hZq0lY55+937fjZwP42OfanVGW/wZ6LmHSqzRh9eJ5J81W0x4dtxu6tt5n00TbEuHEWa9m12/U3O940acsqjtFxHMdxHMdxHMdxnDGASWtarF9WVoQ4w1oUqrcYgZRt8nBxBQLccibdUOfLcxZriZUWfkya12IU4BU5QuQUi3XAdjRp9g79/kzOOTypE5t19j+ZY39qVfZb7L1qKlzWX5PNK7I/k8UutvVpwDeYtGGb9r5l0osdCnGTTVqjimN0HMdxHMdxHMdxHGcUY7FT6XNtiA/XWYF0UpOOrEqAs9i19cBU+KjZfNWk/U2apaSteS3WCrs8R3h712K03hdMmrNdf3P2/GbOeTylQvufaHCtOk4NLbj/gElbmHR/3f7HWkXdb20o8q7+ml1p0tpt2JvDpB9ZeyJ0bTxhFUX9OY7jOI7jOI7jOI4zSjHphDZEh0etQJMDk76YWXNNhwLcwibdkbH3tkmHmTR3STtrmHSOzdg5NZh0icUupqVsltj7Bznn8tQK7X+8wfVqqyZeB36YSbvZ9FFrD5i0aoV7LGmx0+27dcd6hUkbtGFvYZsxkq/MuNJaRIU6juM4juM4juM4jjNGMWm9NsSG10xavoDttWwoYu1ZkxbowM8PmvR0xoenywg6FiO0Nk+FwOyxTEtFm52LiIqdYNI8NmP9ukGTfl/hHls2uGYTq9qjpD9L2vSdVN816fvWoolHyT3eZ9JxNn105KBJ11qsJVc4CtBi6vQPbMb6dkXHT6s6LsdxHMdxHMdxHMdxRgkWa2LVpw22GolJmxWwvXAqvNXWlI5Mytj6hE2fKniPSYuUWL+OTR9BV4uiO86kpdr1q8T+i5j0dZMeaXBOz6hwry0a7DFrVXu04dM4k/a22DCj5s9dVnFnUZMWspj6XF8z7iaTPlzS1iYmPd+mELdNlcflOI7jOI7jOI7jOM4Ix6TvtiEwfKOA3YkWO1fW1vxfBz6uWRfhdIkVbI5g0ntMOqXO//+lkU5dq99l0swmbWrSj026u8A5/UOFe2/eYI/K6tp14NuyJt2c8SmYdIgVqCtYcp95TTrYpFfqzsEFJi1Tws6CNmPkZJHxhknLVXlMjuM4juM4juM4juOMUExaqi4yqcg4uoDdAZN+Xyd8jGvTx4VMeiZj6wwrUNss9eEbFtNma2tfSO+rpDlA3X4TTNooFX6ut9hNtf7cTTXpPstPczyrQl8+2uDadTXVtigW0z2/Xffcu8+k1buw1+wm7WfTdz8NJh1lBWv+pf4e04YQ94BJs1V9TI7jOI7jOI7jOI7jjCBSkerykqLC36xA0XmTPp1Z89+iYkeOnQkm3ZKxdZkVqCOWCi9/qhO/fmXSXO340WCPmSzW0vu+SVc3ETPvNukXFpslzJmuvTln3tkV+vaRBr68p6o9qsCk5Uz6e8a/xKSfWhdq11ns/nu0Td9N9WWT9rACArHFdNpz2xDiDq36WBzHcRzHcRzHcRzHGUGYtENJMeFpk+YoYHcuk55L10yxNqObUpHwpMz+d1qBFFSTVjTp35l1t5n0wXZ8yLH9HovdPi+36evTZceDJv3apE9Zg8gzk/6Ys+6cKnxM7W/awLeFq9qjKixGme1r06cb/9did9rKu7mmz4/67qeXWYHUZJNmTZ+HZV43k/rxvDuO4ziO4ziVYcB8wNxAW9k/juM4Tu+pXHBouFEUNw4vuWy/JIQ3Csw7HFgw/X3vJIQ7S+5TYzdg5/T3x4GtkhDebLbApG2BM4FZgATYGzg+CWFamz5gMXpuW2AHYFNm/Mc6BbgauAi4OAnh6QJmJ+fcV+U/7MEG9/fsOVaUJISpwM9Nuhg4EVgfWBw4FTjApB8Cf+7kGtbt94BJHyFe018DCwGbA3ea9JkkhNubrJ1k0tbA7UBRYW0W4GBg144cdxzHcRzHcXrJPMDawPuI4to86c+5c25nAwUGgTeA1xqMV4HngTuB+4B3u38ojuM4zrBi0jYlo3luMmmggN0NMmsuKLKmgZ2NbSht8GUrUODepM9l1rxj0lbt7J3ampjau8Dya7v9z2Kzh22sjZpfJh2fY/Pcdv3Nsb9xk+v4gar2qRqL0Y/bmvRwnd/3mvRJa7OuYJP95reYYl3b512LkY5Nn7cmrW6xs27R189Uk1as0nfHcRzHcRynMgaAZYAvE78UfpAopnV7TAHuAH4DfBX4AH34pbnjOI7TITnpeM3GNCuQzmmxftu/MiLY4m36trhJL9lQjbANCqz5Qip0DJr0epE1DezUivg/l3Menjfp5yatYwXq4rXY56gc++d3YrPO/kYtrucdJh1p0lZWIMW415gkk3a36ZspDKbi3LesYGfcgnsNmLR3KsDV9jnTWnRrtZhuXEbIPr0qnx3HcRzHcZyOMGBdYD/gr8D/6I3oVmS8DdwMHANsgqe3Oo7jdI22osbKYtIKxG93inJSEsIuBeweDPwwvfmDJIQfteHbOOB6YkpiITsmfRU4iXj+XgQ2T0K4u+S+8wN7AnsA2eYNgZhmeipweRJCKGO3yX6HAQfU3X1hEsInK7K/AXBDwenTgHuBm9JxcxLCM1X40SkWG1nsD+wDZJs1vAmcAvwqCeGxivZaHbiQoTTTk4BdkxAapfZi0onA1wpuMQV4bxLCyx05OnL5KtCWOJ7DN4jn06mOuYFfVmBnN+CdCuw4juM4TjeYg1juZi9gsWH2pShPAmcAvwceGWZfnLGLgN9VYGc/4KUK7DjOyMGk40pE77xmBTpqmvT+TCTRo9Zmd8s0Iqm29w2tIs5M2i4z/8VUYCyz3/tMOsZmTC2826Q9rUCx/nYw6eCcc31RhfbXb3A9LzHpl+kx/zUn0iwbcXaESWtZmynFVWLSQiYdajENuD6q7yKTNqvCT5OWNOk/GfvfKeDXWyVeT03tjXJOprpviGfpse9jgYWp5tpUFqXqOI7jOBWyBHAUsVbbcEe6dTJuBnYB5qz29DhOSyZSzXN4pIjfjlMNJs1ZUjTYp4DNcRZrjdXWtFWLzaRlLaaxDpr0qknvazH/Q5n5b5q0Rom9ZjXpaJNCxu/JJv3OpFXb8b8MJn0351xfXKH99Rpcz43q5g2YtJxJXzXpZJOeyVnzZHquVq7Kv3axWKvvSybdlePnvRbTkpumkRbY470mPZAR+bZuMf8HJV5PD1vFde1GEC7C9TcuwjmO4zijjQFgPeAvwFSGX0CrcrwDnAVsRo+yqZwxj4twjtMOFutpFRUMHioiaJi0S2bNBW36Nd6kWzJ2Pt1i/hImvZDOnWLSpiX2Wt+kRzJ7vWrST0xasPXqajDpVznn+5IK7a/T4Jo2jWpMBdV1LNa++2/O+itM2tyGOTouFQ83MOnPNlQLsDaetljXr+1vCE2az4aaQ7zVTJi1KOjWR+g1G4Wfq6MMF+H6GxfhHMdxnNHEVsBtDL9Y1otxDbGhg+N0ExfhHKcsqXDx7xJiwe4FbM5k0lPp/HdMWqJN3/bN7Ns019ykuUx6MJ071aRPFdxjZpN+YTG6adBi+uyPrcIi/wX9mGjSP3PO92UV7rF2g2taWDxLny8fTAXK+ufNP036ikkTqvK5XSymFB9h0it1Pr5mUXRuq8OUxRTrN1NbTzUTME06vMTr6lftH+2IxkW4/sZFOMdxHGc0MBH4NcMvjPV6TAWOB+bv/BQ6Ti4uwjlOWUxavYRQMNmkeQrY/FpmzQ/b9GuFdL9Bi91VZ20ydyaTrs7sWagofipKPZRZd61Jy7fjbztY7Pa5ucV6bA80OOdXVLjfWjn2p3Vgb8CkFU36YZ0g97xJ3zdp3qp878DHWUz6ug116K2Ne0xar02b22TsHNVk3pIlXltjtaCui3D9jYtwjuM4zkhnOeAehl8QG87xGrGhWUflWRwnBxfhHKcsJh1UQig4u4A9s9iEYdCkZ02auQ2fzKTbbCittFna34DFumU1H/cvYH+ixSipWsriZJN2tR6kU1pM7dzIpOOtcQOE7Liqwr3XzLGfVGR7nEmfMOnGjO23TfqNSUtXsUcF/m1h0pV1x39im8/RY2wo0rNhyrJJl5d4fQ37eRoGXITrb1yEcxzHcUYyXwLeYvhFsH4ZDwFbdnRGHWd6XIRznLLY9DXXWo2PFrC3Y2b+vm36dEDGxt4t5mabGfy8lZBmsVbXdZk1T1iJ5g3tkAqFa1qMeHs657y+aNK5lt8c4+oK/ciLeny3KvuZfdYx6TwbSvFNTDrJWjTVaGKvUnHUpI/b9LXt7izrm8X055qIemSTeZ8t8frao/OjG3G4CNffuAjnOI7jjERmA05n+EWvfh0X4ymqTjW4COc4ZbBYaH5aQYHgKZPGt7A3zqT70/mvWht11UxayWL026BJl1qTrpEmbZ/x79QCAtxsJl2fWXOlSfOV9bEoJi1jsb7coznn8wGTDrHYzXV8Ov/POfOurdCfD+bYn1KV/Zz9ljXpBBtKK55i0rFWstmFSV+2mO76zWbPh5I2Z0mvTS0a8kWr6xJbwMau6dpJJuW+kbHYeTgp+BqrrBPuCMJFuP7GRTjHcRxnpLEK8DDDL3T1+3gCWL3Nc+w4NVyEc5wy2PRRa63GjwrY27bM/Jz1SqOSBi3WFVugydx1MuLOxdai0H4qwN2Q8e/oVqJiu6Ti0+k2Y4fOt1OxcN08wdCkI3PO+/UV+rVajv1prcTLCvZdID22mrg6yWLTgpb1BTM2Nk/FzL+bVFmnJ5M+Y1LIXJ/CdeIsdu99Ml370ybzbsw573nj1W5fiz7ERbj+xkU4x3EcZySxHPAywy9wjZQxmZiy6zjtMlJFuAFgmwqGLo0ynAAAIABJREFUeuy3M9Ix6YwSItxSLWwNmPSPjJhROsTZpq9P97Em85a0oVTAx0yaq4Xd2euEkMO6IXaYtFx6TuvFt3tM2q2An0fknPcbK/RvlQbXtidFWk1a3KSzMvu+bjGduNAfL4u1/I5ORbMjrEmzjpJ+fdyGBN1XTVq5xNqfp+vebCQqWmxSUfR1tnAVxzSCcBGuv3ERznEcxxkpLAD8h+EXtkbiOLj86XYcYOSKcOMq8tvf4zrFsZg6WqQxwKBJtxSwt3lm/jFt+LNqJiLpl03mzW5DnS4nm7RaC7uzm3RTxrcfVS3ANRDfplmMhluz6H6pOFh/7m+u0M8PNLi+c1S1R0E/1rLpoxLvM2nNEuu3NOl/Jv3HpFUq8umjmev3rEnvKbgu23H2uw3mrFFChGtZd3GU4SJcf+MinOM4jjMSmBW4g+EXs0by+L/SZ91xXITz97ijlEpqYOWwBlC0HtrlBeZ8L/2ZAL8o40gaiXUaYMB/M7bq5w0AxwPLp3ftmYRwdxO7cwCXAbUUw0OAHyQhDJbxr4n9+Uz6PfAgsBND1+pyYNUkhC8mIdxRYr9pOfdVKRjm2Yf4x7NnJCHcDmwEbAs8CqwM3GqxcUXL6LYkhEuADwCPATeZtEUFPl0BHJHeXAg4tuDSO4DH0983bTDnbuCdgvZWLDjPcRzHcRzHiZ8f/kT8bOO0zxHAWGwS5jiOMwNNa511wCYl5l7T7EGTlgM2SG/+IQnhyZK+fI9YRBWisNZIsPgq8Pn09zOBE5v4NB74K7BuetcPkhBK16lrYn8L4BQg22TgXmC/JIQr2zSbJ5JVKcI2EgN7KsIBpMLkX026EjgS+CawD7CtSV9LQmjaFTYJ4XmTtgROAC4yafckhBM6dOsQ4ONEUXB7k/6UhHB+q+Mw6Rzit4frmKQkhFA3Z6pJD1Ks+O1KbfruOI7jOI4z1hgAfg1sNQx7vwbcRfyy9QXgDeD1up9vAFOAuYB5gXkyI3t7PmC19Pfh5FfAi0RR03Ecx6kSky4omB43yVrUDLPpa7kVTitM165mQ90jL2wyb2WT3knnPdAqYsqkH2Z8OrqMTy3szmLScXXn6GmTvmQdNnqw2C21/vzfXqHvKzS4xstWtUcHvm1psRlHLZX320XSeC3WIqydtyOsw+6pNn1a9BPWouFHumb1Vs9/iw05irzebuvE/xGIp6P2N56O6jiO4/Qz36U3qZqBGJTwM+CzwFJUm60C8Yv3VYC9gQuIIl8v01Fr4w1gyYqPzRm9eDqq4xQhFS5eKCgKXFbA3v3p3IeKCCeZdeNMujVd+45JSzSYN5sN1YF7y6QVWtjd0Ibqe11RREgp6O+a6THWzs0bJh1oUiUf/uuEw9r4RxW2U/vLN7jGlXUb7QST5jfprxm/TmolAGfW7pKKueeYNHOHfhya8WGHAvMHMgLiPg3mfKfg621Sp2LuCMNFuP7GRTjHcRynX9mE7gtSjwMHMn3mS68YT8yi2Be4lJgx0ysh7la866NTDBfhHKcIFruLFi0Uv18LWytm5h5U0o9dMmu/32Te7zPzdmxhc16LkWmDJj1iDTpWlvRznMUOl0nGjzOsYPH+EvsclHP+76rQ/nINrvGeVe3RKamgdUDGt+tMmrfg2q1SEesWa6M7b8bOPKmdQZPusmIReden889r8PhHS7zmls+zMUpxEa6/cRHOcRzH6UfGA/fQHQFqGnARsGW6T7+wInAuvRPiftKbw3JGOC7COU4RTNqxhCDQtI6VTZ9CWTh02WJTg5czYlluXTKTvpyxf3wLmwM2lGb7hrWImCvop5l0SsaHt0z6Yqd2G+z1/Zzz37DxRBv2l2lynU8zaWPrkyis9LrXRM97TJqz4Lq1LHZOfdQ6SLM16VeZc7N0gfknpXP/lyfambRgiddcy+i7UYSLcP2Ni3CO4zhOP/IluiM8/QdYu4fH0Q5rEBvPdVuEmwq8v0fH5IxcXIRzRiXd6I66TsF5rxK/ZcolFRu2T2/ekoTwnxI+HM5Q8dE9khAm59hfEfhNevMuYuH+ZuwObE18QeyQhPCvEv7MgEkTgLOBr6R33QesnoRweid2m7BKzn29aMwA8c3MtcBzJp1o0vYmLVLh3qVIQjgN2IbYVXQVYhOHlg0k0s6r6xNb1f/dpA1aLGnE0QydryJNTB5Nf84PLJPj1/PEor1FWK3gPMdxHMdxnLHGLHQnSuts4nuwW7tgu0r+AXwM2BC4sYv7jMOj4RzHGaN0oztq0W94rk9CmNrk8ZWB5dLfzyy6uUnrAjunN89NQrg8Z46As4CZiR2GPpMn1GXmrwr8Ir353SSEvxX1p4G9WYDzgM3Tu04kdm5t6EOb+wwQRaZvAtvlTKlShMvrvgrxm653ied6fuBr6cCkJ4CbgZvSnw+0eE5URhLCxSZtBlwFbAycadL2rfZPQng4XXc9cJVJOyYhnFty78fS1NJPAx8GftdiySOZ3zcAHs6Zcw9Dz6dmuAjn9AuTiIJ0p4TWUxzHcRynEN8G3luhvbeJX+T/nuZfWPcbNwIbAZ8nfk5p+WV1G2xD/NzY78KkM3xMpZr3im9WYMNx+hOTZrah7o+tRtPIM5N+ks4LVrxul6XphbUi9Is2mPftjB/btLA5q0n/Tueen5cOWAaT5jTpxsz+B3dqM2ePiSZ904YaTjQaD1S45xIN9tjdpAkmbWSxKcFNTZ4jr5l0pkkfs4oaXhTw+7OZ/Y8ssW611N8pJq3fxr7bpXu+0Or6m7RKxsffNphzeMHX3UtVP9/6GE9HdRzHcRynKAsCb1Hde4fJwLo9PYLusDrwFN1JS72O6jvBOs5w4+moTu8waf0StanWamJnwGItt0GTri2x/14Z+/s3mPNek95M5xxTwOYpGfFigaK+NLA1h0l3FhUi27T/fzbUTXMwFYnuMGlazjXoKKW2bu/Fil5nk2Y3aUuTfm7S3Q3WPW/SUSat3m3RyIYE30GTPl5i3drpc+klK1DbrW7tApk9V2wxd9bM3IsbzNmhxGsvV5wehbgI5ziO4zhOUX5Lde8bppGfhTJSWRB4kO4IcWv28Dgcpxe4COf0DpP2KygCvG0xJbSRnWyR/4ML7r2wxYYJgxYjwGZqMO9P6ZynTJqthc1sk4nPFfGjia3xJl2U2ppq0s6tVxW2Pb9JPzLp1Yy/r1rsiDpnOuesnOvwUIU+vK/BtV6jwNr5LEaGHW/Swzk2HjTpQJMWr8rfuv3HZa7Ny2VEKosNJ9416SEr2S3XhiIsv1Vg7rPp3Nw6iiatUEKE27qMnyMYF+Ecx3EcxynC4sTUt6reN3y7p973hkWBJ6lehDuulwfhOD3ARTind5h0bkER4JoWdrIpgkUK19eLTLlrTPpoZk6rNNSlMqLeudZ5Gmo2XXCnTmxlbC5q0tGpqJlN6fyB1XX8tOmjvWojr7ZYJ77kXevS326ltna16dN2a+MGk3Yxae6qfE/3nNOG0ndvtiYicc7aPdJ111tsuFF03YnpuhMLzL0+nftig8fH1z0Pmo2Di/o4wnERznEcx3GcIuxNde8ZfsvoTbFcHniZakW4V+lOzTnHGS5chHN6g8UU0mcLigCHtrB1WDovWGxi0GrvTTO2z24wZ6INpbhe2ExUS4/lsnRuFWmoO2X8O7YTW6m9eUz6jcUIrJrd1006xKS5Gqz5Zs51eDRvbps+vbfBtW6YdlzQ7lIW6+b9p87uFJP+YtJGFR7DsqmIOWhS4Y5N6fPlnHTd6c2eW3Xr9rYConQ69+TMsee+UTHptoKvvzuKHtsIx0U4x3Ecx3GKcDXVvF94jtH/wfmzVCvCDQLb9/QIHKe7uAjn9AZrXBMsb3y0ha1L03m3FNh3vMV0xUGLaZ7LNJh3UDpnkkmLtbC5dcbXjv4pWKwbNrkmfliJSKkcW+NM+opJL2b8e8NiKmrTVEiTvp5zHf7Tri859hducK0/VJH9AZM2sBg99nrdHjeYtFlR8avFPh9Ln0fTrGAUZrpuDhsSeQ8quKYmzj5RYO4BmeNdssGcE0q8BkvVsBuhuAjnOI7jOE4r5iR22q7i/cKXeuz7cDAAXEi1ItyFPT0Cx+kuLsI5TRlXoa21C86bRutW1KulP28sYO/TwArp72cnITxSPyEVLQ5Mbx6ShNBQ9EijjI5Kb54HnFPAh0a2FgbOByYArwPbJyFMadPWKsTzcQowH7Hj0k+BJZIQDkpCeKWFibz0yiqv/7QG91cSjp+EMJiEcGMSwi7E4rA7ALX6aBsAVwK3mLRFJ2JcEsJlwAFEv880af6C694gFuBNgENN+mCBZS+lPxctIM5moxYb1ay7t8CeNfwbR8dxHMdxHNgcsArs3AGcUYGdfmcQ2J3YSbYqNgLGV2jPcRynb6lShFmn4Lx7U8EiF5MWBGrpn3c2M5SKLTVxbRBolEJ4NLHWwP0MCWyN+A6wJLHewW5JCIMt5jfz7RSiYATwlSSE0pFnaYTVUcRzUWtzfiWwUhLC95IQXi5oqtsiXKPzVHlNjCSEd5IQzgbWAL4GvJA+tDZwCfC3VtGOLfg5UXxdCDi1qKiXhHAv8Ov0ZpFouJoIN0AsCNyMrLicGwlHa3E7S0eNRhzHcRzHcUYJH6/Izr40/lJ6tPEU8LMK7c0BrFKhPcdxnL5lOCLhbmrx+GqZ3//dYu6WDP3BPjcJ4cH6CSatCnwivblXEkJoZMxiV8wDM3NfaDS3ALsSv1kDOCYJ4fyyBkz6DPEc7E38duhFYCdg8ySEx0qayxPhqhTIuhoJl0cSwtQkhJOBZYhRgbUowy2AB0zay6TS36qlwuuuwH+BrYCW3Usz/IhYYHabNHqxGS9lfl+qxdxHGRI6l2sw525i16oirGTSSgXnOo7jOI7jjEbGEz9PdMqTFMvgGU2cALxbob2NK7TlOI7Tt1QiwqUpnEXS7wBubvH4qunPQaaP/qnfcwD4XuauHzeY+p305w1JCK0K4P+cWPvpDuCsFnMbYtJSwC/Sm3cA/1dy/cwWO2bWorEgRtWtkITwhzaj84YrEq7rJCG8mYTwPaI4VWvMMSsxAvIWk5Zvw+brxGixBDjSpNVaLKmtewU4OL35/RbTC4twSQiTiJGc0ECES58XZcReT0l1HMdxHGcssw4wbwV2zmMY3wsPE/+jg89LOWxUoS3HcZy+pSoR5kPkizx5FBXhnkhCeKfJvA0YSoG9IE0FnI40sq2WdndIs01N2pjY7Qdgvw7SUMcDpxFFoHeAHZIQCn9LlApGtxHTLAEeAjZOQti5ROppHsNVE27HCvdoShLCE0kIOwDrEaPYANYCbjXpI23Yu51YH24m4GyTZiu49HjgcWC7FtFmkxiK3msVCQdDUaSNIuEgvgksyg5VNLNwHMdxHMcZoTRtFleCcyuyM9I4tkJblTRzcxzH6XeqEmGK/gN7PAnh6RZzail8rVJRd8n8/qMGc/YkFlq9Ebi2kSGTjKF/IhclIVzfYu9m7AOsn/5+UJm0UZM+D/wDWJnYpekQYJUO/akxXJFwu5v02w5rtJUiCeEWovhWi3ycE7jUpG+2Ye4o4FJgWQq+0UhTno9Pb36vybxBhqLhiohwNQF76fQ522jOi0X8TPdcr+Bcx3Ecx3Gc0cb7KrDxIvD3CuyMRO4G7qvI1gJA0S+8HcdxxjYm/cOkwQKjaccgk2YyKUnnNmygYNKcJr2dzrukyZw30jmbttj3W+m8qSa9v9hR59pZ1qTJqa1/NBFK6tfNYtJJmfP0rElFa+wVsT+bSX/NuR5FxZoie8zV4toHk84z6QsmzV3Vvi18MpOOrvPj6LJ14kyaP70mgybtUHDNfOlzYVqzdFiT7kjtPlDA5uKZ41irybwTC74eB00azS3hT6aa9uCDxDR1x3Ecx3FGF5fS+XuEG3rudX9xONW93/pAj313nG4wjmpeD7P32nGnN3QcCWXS/BSvB9eqKcMyDLWnfqjJvM8AM6e/N4qC+xrxiXszQxFRM5D6f2h685S85g5FSNP6fgVMAKYCOychJAXWLQzcAuyc3nUrsHoSQplOl41sz27SAcTUyE/mTOlFY4YpxE6zBmwLnA68aNJlJm3dTuOEoiQhJEkIewNfZahw7F7AL8ukYSYhvAh8nvjH8ASTli6w5iViTb8B4EtNptYaKSxpUqvX4xPAs+nvzcTAMnXhPuENGhzHcRzHGaMsUIGNZ1tPGdVcWqGtIpkhjuM4I5oq0hE3o7iY00qEWyHze7N01K+kP+9IQpgh/DsVdvZKbx7cor7bt4G5iPXbftjCv2Zsy1Ba7s/yatTl+LkcUYCrpeCeTKz/9lwHftQi3w4g1kU7jMYFZ3uRjvpTYnOJrYG/EEW58cTOsRcAj5l0QCqGdoUkhFOJxV7/l961J0MNO4rauJbY/GN24ByLzUhacXL681NNRL+n0p8TGWrC0ciHQYZeQ59rImBeDbxZwL8a+5eY6ziO4zijndmARYnvD7126ujGRbjOuYVy7zub4SKc4zijnkLpki3YvOC8V4F/tZjTUoQzaVlg3fTmXxrY2YT45ul2oiCRi0lzArulN3+RhNDWP1GTap04AR5mKLKu2Zq1gEuIAllCFA2Pb7chRGpzIvAN4LvAewos6UVjhnvSGmkXAReZNBcxkvELxOYaixGFwkNM+hNwHHB7J+chjySEW036GHA9UUg70qRnkxDKdHU6lNg+fQNiJ909Wsy/iSj8LUt8budFWT6V+X1p4JkWNm8mNhBZkPg8v7J+QhLCFJNOB3ZvYavGDiYdlITweMH5juM4TufMR/zAOSfx/1JtGPAWsXlP7efLxI7xk4bF09HDTMD7gYWJ/0cXJH4BtmDd7Vkza6YQ/5e/ADyf/nwhc/sfwH96475TMeMo9n65FWNdhAvEz1vbVGCrZzWkHccZkQwQ9ZPa/+uFiO+nEuC1uvEUUYPqOzoS4dLonqJNGW5OQmgk1NSo1WN7nfjmJo/tMr83Srv7YvrzhBZizjeAOYgFVY9s4VszvkcU/QB2SUKY3GyySVsQBcRZ0r23S0Jou56ESSJGBx4ELJLe/QzwW2I01vNEsfHXdUt7EQk3Xd25JITXgBOBE01agpjm+Q3gvURh7gvAlSbtm4RQVaHX2t53m7QtMWxewGmpEHddwfWJxeYZ9xAbTlyXhNBICCYJYapJ5wNfJ0ZK5olw92d+X5coEjbjL8AviK/dHckR4VJ+CXyTYtd4PLAvrUVFx3G6z9xEYWaRBuO9xNf1q3XjZeLfkzuAu4j/R53+YTHil5ZrAMsTv5iZrw07zxC/7HuI2En9Slp/eTOWmQlYk/gF2sbE/7Nla3xOIL7HW7TJnIeJ7y0uJdYHe6fkHs7wMDfVBCQ0fd8/RriTakS4WVtPcRxnlGPA6sRMtiWZXnBbkPyGk414itg8pjZuI2YLDisdhdibtDLFO+J8Nwnh8Bb27iGmZt6ehJDbptqkq4BNgX8mIcxQvNOk2Ymi0zRgoSSEtxrYmUislbYAsEcSwnEFj6PeznLAP4lPhhOSEL7RYv4OxLpoRuwotE0SwpPN1jSxNZ5YG+xghsK3bycKihekEWi1uZsxo2AzKQmhki5EJs0MvJ3z0BpJCHe2WDsB2Ak4gBgNBlHUO5XYYbbSbxjTa1CLgHsaWCkJofAHVpO2JqbSvgGsloTQ8Btwkz4CXAHcmYSwRs7jsxGV+vHA9UkIGxfY/yzidX8TWCAJIffNfhpZ+NmWBxSZDCyWhPC/ljNHDicT6wFWwazkP78dpwrmIQr1nyNGuFbxBclDxAidy4hfWI2VCKqliZFl7fJf4JUK/BhHvJYfJ4pvDRv0VMD9xP8z5xHTwiqNJB+BDBC71H+R+D9wjh7v/w5wHfG1dykxgtHpT94PtGyMVYDDiVkoY5ltKFeTuBHnANtXYKcZMzMU+NEJ9xKjb0YasxOzdDrhFfpAyOgRi1H+S7NxxM/knbIRnb1/u48YqToSWJr4d+TDxKyzbjaleID4Wf5C4pfXrQLFKqdTEe47xLS8IqzarE5aKii9RayNdXoSwgzF7FPh7NV0ziFJCAfnzPkScBpwYhLCrk32+zoxUuxR4P1ZwaooaSTgZcRowGdTOw3FHJM+CvyNIQFukzQyrJ19tyU2paj9E3mOWNvrD3kRhyZtRHxTmOXtJIRKvnFKhbS8bwLXTEL4R0Eb44mRjt9lqE7e28DPgMOSEN5ttLYsJn2bGFEGcGoSQimxxqTjiRF8dwDrN/ItjVJ8nvghe7E8wdWkvwNrE/9IzpuE0LSuhkkfIjbwAPhcEsKfGsxbI/WvKL9IQti3xPx+x0W4/mZe4I8V2NmGkXltZifWyvwcUaQp861eWSYB5xK/ALqO2DyoHVai/dStd2ldF7YKLiCe13bZnvghsF3mI0amf53hqW10D7FJ1B8Ze9FYCxD/L3+R+M15v/AAsZzFXxiGN/pOUz5Mk+ZtJTiTmMkxllmaagTnvxG/vOgmKzJ9Jkq7zA+8VIGdXrMhrTNvWnE6zRvPVcVMwMUV2PkCjbPsWnEC0FBT6HPeQ11WWp8xB/HLsi8D6w2TD88Tv8T8Na1Lp/UHJl1r0mCB8VirbpQmLZmZn/ttkkkbZ+bktrA26er08bWa7DXepEfTeW3/ATHp0xl/8rqPZueuatKb6dwH221EYNL6Jv0js+8Ukw5LIwCbrVsv57pUFj5v0kwNrv05ZY/VpAGTvmLSKxk7fzepWSpIOz6fmLFf6h++SbOY9O907Y9bzD0lnbdng8cPy/jxiYL735rOv8eadFU16ZqCr9FBkyabtEgjWyOQk6mmPfgg5dOXnNYszNhs374B8GeiQFLV87PMeArYm/jGtix/7GDf59vYrx0u6MDHQYpHD9ezKDF6e3KH+1c1XgL2oZpUu35nfuKXdZMY/vPebNxDFBe80UP/8EmqubbX9djvfmQ88QuxTs/ltT3wdcUK/BykvZIC/cCGdH7sv++RrxMr8HWQzmoNnlCRD8Mxutb4sEOWAk6hmr8ZVY7LgS2otmRXtZi0WIkP9y2j5UzaKjP/Uw3m/Ch9/NE8Uc+k95k0zaT7mol+Jn02tfO0Se18EMGkWU16KrXz5xZzFzXpmXTuf0x6bxv7zWzSL9Pjq52nC01auvXq2Agi57pMKetHE/tqcv3fMen0VEAs/ObTpAVM+mPGzksmFW0EUsT+7CY9ntp+zqRGXWQbrV/dpJCOlZvMqz23r23w+OaZY6yv29fI5g6ZNds1mbdFidfpoEm/K7L/CMFFuP5mrIlw8xLfcAz3G4zaeAT4FOUEARfhZmRW4BD6741kbdxFrIk2GpmT2IH9LYb/PJcZfyeWVXGGn3Wo5po+1mvH+5QriX/rOxmX9sBPF+E6P3YX4UbG6DcRbjHgJGIa93Cfm2bjIWL0Y/99kWnSD0p8sF+3gL39MvNz8/RNujl9/GctbORGHKVzBky6K53XduqdDUUvvWHSgk3mzWXSP9O5z1hsRlB2rw/ZUNTVoEmPWOz0WcbGajnXpcr0Tiv4XHjQpL3LCF4mfdKkt9L100wq2vWziO1NM779to31B6Rrb7OYTps3Z4JJr5s01aQZ/mGnAubTqZ2HC+4rGxJ2H2iy94BJt5d4rSYWOxCPBlyE62/Gigg3QEzZeJHhf1ORN26iuEjjItz0fI7YFGG4r2GrMY0YKZb7f2KEsiWxputwn9tOxjXERhHO8LEY1V3PfkqBdprjIlznx+4i3MgY/SLCzQEcSyxNMtznpMz4J7BZF85He5g0zmJEV5EP9c9Zk3S5jM1TMyLAhJzHZ7cYcTRo0toNbFxnMaVunib7fDS18bpJbRXrNWl5k95N7ezfZN5MNpQe+6JJK5TcZ0Iq9k3NCkUmla7jZtJKXRbhxjW4/l+2mAr7W5Nezdw/2WJ0XKFi1SZ90KRnM+urqvWFScelNoMVjCzMrB2fPu8GTdqrybzT0zm7NXj8+5ljK1RHyKTvZdbs2GTeBiVEuEGLDR1GAy7C9TdjQYRbjphaM9xvIlqNQKxh1goX4SKzElNPh/u6lR3nM/L/ls3NyDz3zcYZjPzrMlKZQHXXsWlpEqevcBGu82N3EW5kjH4Q4T4CPMHwn4tOxgXAMlWfmNKYtFGJD/S/KWBvICPq/bPBnFpa3bN5op5Jc6YC3ll56zPzLk3t/Kr4Ec/g65Wpjf9abBbRaF5NeHnNpNVK7rOYSfdmzuOL1qLuXAt7y+dcm8q6paTHm3f9N8nMmWjSVy3WCKw9PtWkM0xq+cS2mG78LxuKiPtcRb7Pll7LwVbPnwbrF0tFxbdMWrzBnNprJrdTrMXU2ynpnKZdhDNr5reY6jto0sMmNQyZNem8kkLcBwsdfH/jIlx/M5pFuInErtVTGP43DmXG0TQPvXcRbqib4nBfq3bH7cQGBiORdRkZkYftjLuBxSs7U04ZqopSfoZ+TF1y8nARrvNjdxFuZIzhFOHmAH7XwK+RON4FDqKirIJ2i859ucTc8wrMWRaopWk26oBSq59xXV73T2KH0vHEPONcTFoonQexq0s7fJqhsMT9kxAaNTc4lNiJ5V1gyySEu4tuYNKawG1ArfnEZcDKSQgXtOcykF+Eu7LiwEkIgw0empqZMzkJ4RRgeWL3uMeIz8GdgH+bdFqzKLC0s+jHiB/mBoDTrEktthK+vwV8P725g0mrllz/BHAiMTqikbh7A/Aw8ME8QTYJ4QWGOvJ93aTZCuz7InBcenMZ4nlsxP6Ua6Pu3+g6TnvMCVwN/JD2mh8MJ3sBFxGPwZmR7Ykdp3NLZowQ1iS+p6ikM3oP+TwxqnTh4XakS6wK/APYpNVEp3KercjOwsSC3o7jOGOd5Yk1aXcZbkcqRER95wqgYSmyopQW4VJx4DMFp79KsRbI2X9aFzaYU3tjckuDx7cE/kPzDkU7Eo/5IeKbnVKYJKAWpXQzscNd3rztGRJ19k9CaORz3tptiOeorljwAAAgAElEQVRsAWIUxZ5EEa/TKIKtc+7rRYeuGRopJCGEJITTiC/QLxLFqXHEukkPmXSENUi5TQWvrYhd0CYAfzKpiiilsxlqV/6TNtYfThRcP245NRBTkbLW9GDnBjZqAt5cFG/7fRjwRvr7D9Ln6AwkITwCtIxKzbCFNekw7DhOLvMSBbiRXOfpY8T/s17faHq+SYwEHA1RsasSUyD7t/vXEOOAHwFnMvJE7bLMS3xzvw/eQbWXVCXCQay92I/R2Y7jOL1iM+BWYgfU0cgmxG7nva0VZ9JXSqS0FQpVNenydP4LllNg3qR5bagr6AxpchbrkT1v0oEt9qmld36/2bwm67+ZObZcgcKkhU16JZ1zuRWoh5euGzBpn8xx3m/SSu34WWd3OYtpsdmuqrWRF1HYyV5Tc/Z4w6TdW6RKjjfp8zZ984n/mrRlkzWfzMw9oSL/t87YXL+N9b9O117d4PH50pTT10yaucGcqzLHn5vqnLMmWxtu1ybz5k33Lvr6/VuxI+9bPB21vxlt6agLEAu4Dne4fFXjcWChumMcq+moB3Ros19Hv0c8jwf+wPCfp+EYZwK57xOcyqnyvcIg8Qt6F1H7G09H7fzYPR11ZIxep6N+g/7vfFrVmAbsV81pK4BJ15f4EN+yhplJs1ispzVo0skN5nwqfXxSnphj0uoW68G9t8k+q2T8WrzUQcf1s1psMjFo0pkN5gyYdHE65yWL6a9FbFtGwBk06UaT5irrY53NlUz6YwPx7f+PTvbI2TNpstdjJu1v0nuarB9v0h421Al10KRzTMpNPzHpp5l521Xg/4BJtzYT0lqsX8SG6rp9uMGcs9LHP9/g8WzTj0JicfrcfD5d86TlNDbJzM12IS4yinZN7EdchOtvRpMItwgxwnq43xBUPe5i+vM71kS4AWKU83Bfh26O9cqe4B4xjtHXgKHsuAt4X6cn0mnJgVR/7b7T0yNwyuIiXOfH7iLcyBi9FOF+0MXj6OdxUBUnrykmLVXiw/skaxDtU2dzq1ainQ11r7y2weMHmfTHFvv8PLVxQ7GjnWH9gen6d0xatMGcr5YRINM1AxY7h9bWXWodpFeatKpJ59ZdiwczIk03RbiQs8erFgXJ2u13TfqTSZtYgyhBk5awoYiwQZNeNmmGOhupaHdVZp9O/sDWbG6T2XfjNtbXnqs3mTTDN6EmbdzsuZzOOSyd83bRYzJpt4zfuzeZN9Gkx0u8jhulh48EXITrb0aLCLcEsRTCcL8J6Na4nFgHA8aeCHdIh7ZGwribiooMV8gAsTzDcJ+bfhiPUUHtGacpy1P9dUuI5Vac/sRFuM6P3UW4kTF6JcLt18Nj6sfxI7oZAW3ST0p8eG/YIKHOZi0C7B1rUAfMhjpi5tbqstittGE3R4uRZrUottIFAi2m8b2erv9Rgznvs5h6OWjSb0vY3jdzzs42qa2aJyatadKFGVvBpBNMWiJ9fKMG16myJ4wNRXBlxz4W04U3txglmI3Me8RiZNYMfyAsipNfy5z3QZN+bHXpyhY7hD6VPn67FUzhbHIM41O/Bi1GfZY6PyYtmjkPM0TDpcf1UPp4bkdYi5FtT6Rzzi2470w21HX2mWbnwWLqb5louJHaKdVFuP5mNIhwywFPN/BrNI3fE99cjCURbucO7Yyk0fCLm2HipwzfufgfsdbL34g1iu8kPneH8/rcgzdL6TZ30p1rdwbD/0WRMyMuwnV+7C7CjYzRCxFu92E8vn4ah3V6InMxaYLFmm1FP7jP0AEyx+ZARji4qMGcRTI2c2uEmXRwi302T9dPtjbSPE36Wbr+OWvQtdJidNdgKrAU6jpm0rYZUerP9QJTQRtrWIyeqxffFqubt1KD61RZYWYbSivOjp3r5ixt0i9t+tpkU0z6g+VEGKbX/2+ZudeYtGDdnLVsKA309LLCWc6e2aiyTVuvmGH9Senasxo8/p308V82sbFtxoetCu67Q2bNHk3mjTPpzhKv5b8W2b8PcRGuvxnpItzCwHMFfezWmJaOXuz1Y8aOCLcF3a9pMpko+DxCTDt8EHi9y3s2Gq/SPyLPl+jNMT8FHAFsB6xD/IDW7EvQmdI56xG75H4bOA14sUf+Xk/8MOp0h+/QvWv3CLB67w7FKYCLcJ0fu4twI2N0W4T7Yg+P5V3iFyYXAycR35fuQfyfvDOxKeZvgL8CtxO/JO91fbovFz1xhcUKk3YkFsgtws1JCC0L25u0PPCv9ObXkhBmqAln0leAU4gncZ4khDcL+pC1cSaxvf3FSQifKLl2EeI/0InAzkkIp+TMWZfYLTUB1k5CuLOA3TWJb6pmJj6hNkxCeLukXz8FvpDelRDP00/TDqL185cD/p1nKglhatF9W/j0DjO+SfxsEsIMXWRTMXMn4otnxfTuN4hvbE9Ju4nW5g4QX1y/IaZFPQFsnITweGbOrsQ/kgD7JSH8vIPjmIX4Bn0eYpfA9bP+FFi/GXAl8Y/FwkkIL9c9Ph/wDPAO8N4khEk5NgaI38RvATwJrJiE8FaLfccRn0urErt9LZWEMLnB3A8D1xQ9JmD5JISHSszvB04GvlqRrVmBwq9PpxALE18HnTIHUPr/QocIuJbe1NN6mtjN+06iWPMM8Fo63iSmEr6HeD4XSn++F9iUKC5UyUu0/6HjBXqTVncB+d3Ai3IE8f9SoS/TCvAS8c3gHenPe4CXid3P85iDeP0WAVYg/o9foyJfmrEbcHwP9mnGB4gd1brVkOANYtH8M4EbiAJ2p4wH1ga2Ib5PmbsCm434I/G9bOH3I05hFiG+1+pWOtFU4gfH04BLiO8PneFjReD+CuzMT/wbP9LYkPgZtBNOJ35p0m0mEj8vdcrixM+P7fBlYOOSawaoJiX9LCB0sH5P4v++bvB+4nvTbn5B9Drxb+YFwGXp7TKMJ5Yc2JH4/7MTMbYIk4EPAfdVZtFijauikTM7FLRZizB7tVH0mMXmAoMm3dym32ZD3Ur3aWP9ienau/Mi1Wz6Yv4HF7T5PhtKj33GmjSUyFk7m0mHWKwXVjvff6iPfMtZ16ieX8OupWWp86k2Nm+xZsBiemS2Zt3lJs1QjNikD9tQBN3jVtdgIz0vNRvf7vBYflz0GHLWKvOc27PBnNrz+utN7CxlMU27adRc3ZqPFYmGS+eWabJyRJH9+wyPhOtvRnIk3FEd+FtkPE6sL7Fsh34uQnwDVhMcevltYP0YKZFwVYxJxC/F1qeaD/WrAMcCr3TR53sq8rVd5gAezvGrinEr8Bm63210NmAfupui/qUuH8NY5lp68/fhReBo4uvaGR48Eq7zYx9LkXDtMK4iv/s1nX0CsaZst/5OXgZ8hOYR6mUZB2xADNp5tYu+P0JV2QU2fWfRVuN5K1DXzGKB+FrB/iMbzBmfmXNIm76vk/Gt1D88i50qp6ZrG3W7/Fz6+P9MavlCMWl2k+5L17xtUuFvuE3a3qRnM8fzsBVMl7RYM67bItykHPuFIkVMmtOko2yow+obJu1qdamlJq1g0n/TOU9YWvMufWzApF9l9j60fn2JY1kwI4DdVtaOSaela+/LW2tDNfr+2cy2xaYjg+nzsOVzJT0H19mQwNusNtzWJV7XL5ikRrb6FBfh+puRKsJ9tiK/88bNwIeJbxSqZiFisfupXfS/2RgLItyrxGjubj0nJxIjwrvl/3B1wx4gRqhVfTxTic01KnufU5AJwA+J0QtVH9ObwFK9O5QxxS70/m/G3cBe9LaDoeMinItw3We0i3BH0J2/iQ8Ss8C6zQRgB2JZkG4cx58q8dKk35X4sF5ILDPpCxlxIfeFYbHeWc3uhm36fnC6/iUrWf/MpL+kay9r8Hi20+TeBW3+LHNMnyu4RiYdk1k3xaQfNhNYcmx8ucH1qkxYMenNHPtlo8hWNumGzPq/WV2XXZMWSIWxmhC3ZOaxcRYjA2vrjyl73TO2stFwheqyZdZmBa7lcx4fsCExdqMmdibYUCOHu62AaGqx82zLaLj0XD1i+c+LvLFt8TPQF7gI19+MRBFuAbrz7dnjxJoWvYhEWp2YFtmNNx3NxmgW4aYSxbFefSDblZjOVvVxnNgj/+vZvoSPRcfTwEa9PIgcPkhMSan62G5lqGOxUx1z091o02YjEOsY7UzsuO10FxfhOj92F+GaM5pFuI2pPrviJWKDh17/b1sIuKpD3xuNUhrIDJg0l+VHOOWNYNLCBe3ekq5p2P3RpAPTOZOs/a6hf2+1T4N12cixzRrM2T99/KkigpjFpgS1zpkz1ElrsGYBmz5t8Cpr0FWzhZ2TG1yzysI8bag7bHbs2IadAYtdY2tNKy6vP78mzWLS+enjT9YJcWZDzREG09/baXoxuw2lyd5pJaLhLAq0b6VrczvPWez+OmjSX1rYyopq+xbYe8BihF2RaLjdS4hwf2t95H2Fi3D9zUgU4c6oyOfsOJXup8nVMx74Or39wDlaRbiniPU/es36xDp7VR7Ly3QnCvP/sXfe0ZJU1R7+7szeDEmGnEEEA6hIEkQQBRETqIiKBBVRDIgiGJ85gBGMT8zpiWIGJJmJEiQMSaJITpJhhhmgeua+P/Ypqm7fCqe6T8d7vrXOqnu7TqrQ1VW/2qGKFbAYpiG343hglX5uRAVz6I2VX1chNyKl9EIQ7qRcjwUe3wd7SIyEJYpw3W97FOGqGVcRbiXsvifk9e5C7CX3oJgNfITwSRyupht3WlF9b4OH9N949rl5rk2phZtkbnWFlmge46wsmTtpoRBS0m5CVP/u2l1aJL6I6uqi+qCrc4Bnv8e7+g+Iau2PqhMCb8ntq483EYJy/RxScczmNO2vYpwHC/r/VScCmOtv15ywd1K7YCiqSzlRMhXiNsqtm5DMCnJSVI+RDqz+ckLZpKju0bBtmjH32JL1y4jqvWIuuNMyw7bVPdr1tTAvOHrO++0V9ZaTLH5dXVkslhBkVIgi3HAzaiLcToHmm5bFwCEMNg7X+ljsipDbVVbGUYQ7HUuKMSg2I7zL4zPoL98IOPdJLGHVIL9TRcwGvk/Y7byP3iaBmMkcQ/+uIb7lSuBbwB5Y0rBId0QRrvttjyJcNeMowk0AvyLste1kLJ7qMLAdlrwj5PZ19sJMzF3tGs8H9EpBra3f70nmXld4sySqK0hmNVYavL5mnD1zc3t6g3a75NrtV1LnW279v33EHVHd2UcUydV/s6g+4uovkA5cAUV1LSc+VR2zYBlNJEua0F46EsBcn8+QTIg8tr0fsVhyl0pmkbhG2/q3SSbEHi8NRUexuISp2+g1TbZDLIbfpFjikUIhUlS/4Op8rqavNVw/qWVg5UOGE/jSeIrn19RN5+BTPl6/5UNDFOGGm1ES4eZgb7RCnU+PAC/tw7x9WBt7wAt501FUxk2E+wH9jzVWxKcJu13v7OPctyRsjMKT6b8lny8ThBccC+MpR7pmJXqbXKPbsgTLSHgEFjtpWB5gR4kownW/7VGEq2YcRbg3EPZa9n2G4z4qzyqYJXKobXyITq4TbWJUXSkMQF/Q51zJ3PT2q6j3jpwA1dEJKJkL5p0+c8u1O8m1u10K3DWdIJIKZLWZYMXcI1Mh5yypiVEmqnvk9uuNovos37m79rNF9T0y1TJtkRQft2BuUFJtUXWhqG7eYb9Pz/X9a2mLiyaqa4tZwk2K6intx1pUX5Hb/j+LaiNBpe17cGCDdk8Qi983KapbldRZT8wS7m6pEURF9Z25edRa5Ynq53P1S88hUd2gwff8+ibfpQETRbjhZpREuLcGmmta9uzDnJuwOpYdM+Q2tpdxEuF+yvCIPUsRNu7YL/o49z8FnPf1DL+F0GzgL4Tb5keBDfq5ATOIXej9dSRUSbCkPocBL8ZcvCPVRBGu+22PIlw14ybCPRF4kHDXrU8xfFbrKc/Gfl9DbWtzAxbJ3Cd9ipe1mphL5aRYtsVSqyQn2kyK6vcbTzzr4z+uj182aLOOZJZTHymp81nJhMfaG/GcePKoqG5SU/dZksXgO0tUG2VMEtVtRHVe7rhcK6ovFdUXlxy3YOKCmGtle/9Lcn+3RPWLnQh/YlluF7p+jpY2yzIn1KWWYgcXtH9hbr+eKaqNblLEEkSk5633BVFUT3TtPlRR5zeuTmWiDjHL1PTYnl8nhonqupJlm/1GTd1UJPYpT6ve6qEhinDDzaiIcBOETcNeG9dxQKxMbxM2jIsI92uG783tVoSLZXJzn+b8tEDznQQWAVv0ad7dsjJh37L/sL/Tn1H8L729lvSqLMZeqnwb2BdL9DCsD7uDIopw3W97FOGqGTcR7juEu0b9H8N/TTqIcNt7B+ZR44eorp8To+rKA6Jaaw4tZhmUCjWlWVRFdYtc38/2nvTUPlbJ9VHr/plrl08GMe2tqlhCgHQbXuHR31wxK6dJUf1aTd3VJMu2en4TgUzM/fDbOdFrgVjiiDm59UXHbjnfMTzmcE9B/zuJ6suc0JS6F18nqi/soP/dcqLSkQXrU6HxUSmw/BLVHSTL4Hq+qHrHU3EiXzr2pxu0S7PS/rmizvauzvEe/e2b27cv8Kj/K1f3PqlO0PC5BiJcR+7hAyCKcMPNqIhw2wWa5yRmQTXMNx5rYBmqQm1vvoyDCPcPhjcr5S8It51eCba6JKRr5pv7MN+QbEU4N9yFxNhwvWJZ4Ex6dz3pZ7kdSxByKLAN3QQLHw+iCNf9tkcRrppxEuFWwX5rQmzPZYzGM9UE9tI11DV4P++RGz6Uf92zzzSb6GOiumZFvaNcvXnSoeubqL4kN78ne7aZ5QSiSVH935I6aTbJS3zmJqoHu/qJVATfF0sykGZBvalq/xS0XVNUz8tt7wmiuk5BvQUy/dgFiyUhmdiYL5vm1j9ZzB00XfdjKRA6a8b4n7zAV7A+PXeukAIR0wlxiatzbJPzK9f3AvFIrOHarOfaLJQSy0+xJBIXOfFwbk1/S4nqHa7PkzzGf25uf5W6Tovqtg2+796WpQMminDDzaiIcKHEjTsZjYflfQj3vWnf/n7QKxFuAbARw8trCLetz+vxXJ+AxUkJMdef9XiuveIowh2vQ/o895nEHOzlSS+uKYMsi4AzgC8AuzE82YT7RRThut/2KMJVM04i3EcJsy0PAk/p89y7YQXgWsJs+yX4vIR3YtTNDR7KN/boczlRvcvVP7qi3rKSBfjv2OJGMrfXW3yFFlHd0bVZUiTcicVaS11cp7k8FtSfkMzN76c1db/j6j0oqs/0ma9rt6kT7dJjcbgUuMi6/Vp07IJ9ucVcNdv7f0lbnQlR3Ucy19L/iuorG4wxW1T/IZlYObdt/XJiyTImRfXbJX0cnJvffg3GXk2yOHvfadDuVqmxXBPV/VydN3n09+nc/Csz2bn9nVpX/rWi3qyS41dU7vD9Tg2YKMINN6Mgwq0BPBZonq/r4TxDMgGcQLjvTlpGXYTztqgfEMtjCT9CbOsbejzXUG4eCaMbE21l4G7C7IerGW4L21FnAvgIvbmuDFO5CnNvfgvmLj7O51QU4brf9ijCVTMuItxSmCVtiG3Zvc9zD8HmWDKcENtfbxQmqs9pIMCd6rMFovq+XJtSF9OcGLFAGsbtauvnD9LQakcs1tikqB5bsv41klny1V54RXXr3DaXZmeVLGZcS1R3aTDfl0vmXvmIqO5TUTdvEZUvwQK4iiXAaO//0yV1t8mJPktE9W0Nxtkwt90/KVi/nWSu1NNchp0wlbppPiSqGzQYO3VXXiSqXm8ORfW3rs1nK+rMcfvjZI/+1pLMtXfa9hfU/37uvC29mItZJgYT3oeAKMINN6Mgwn080BxPZLQeaNYGHiDc92eS0RbhTmE0jt+JhNnej/VwjhPYw36IeY56PLR3Eu4cbRziI9KY12IWZKGvL8Na7sQswfcH1g+w/4aJKMJ1v+1RhKtmXES4UBlRf9LviQcklFtqffZ5UT2ywcN47dt9sXhkqUBzXkW9CVG9wNX7Qe1Eq8e83fXzKc/6K0qWQXP7krmlLp+FIl1Bm++5+n+oqLOuZFZhB3n2OyFmzZUKTXeI6nMq6i8rqqf2QYS7o6D/eWXCjxPTrs7V/XCDsd6Sa/eqgvVfcuuuE9VpMXxEdXnJLAjPkLZEDxXjrpI7T7zmK6qHuvpn1dQ7TMxVttZFV1R/kRPWKl2KJROPJ6XC6lBUX93ge19/IRk8UYQbboZdhBPg1kBz7Cgz9IDZn3Dfn0lGV4S7F/AKPzAEhMri29X9Vw0vCjTHFrBhD+fZD5YB7iPM/vhmn+c+U9kaC7Id8hozKuVaLNnDqxn9e6IownW/7VGEq2YcRLgJ4KKSeTUpCZYgZlTZnDDH8neVo8hU9zUft7TaIMWSWXpNiuobK+rlrbW2rt0l5f3kkzKUxsFqa3Ogq/9PKXC1k6nJInwSMiwvmbXWdhX1js6NW5tp1bX5Qm4uF4nquhV1ny6q/6o4hpUxyJogmfDZXq6UkqyworqyZLHwJp145hNrb0JUj3Nt7hLV1dvWLy+Z+3OhYCTmFpuO652xUFR/6Nrc5CPeSRZv7RFRLQ2GK6qbu3pv9ehzh9zcK9+AiwnMaVKJoyrqLS8Wl87nu/+rujkOAVGEG26GXYQLFWPrTz2aX6+ZAK4g3HdoVEW4UXjhkLIGYdwm/tLDOYY6Pj/p4Rz7yZGE2R+X9HviM5h1CZsIZRTLfOBo4KUMb7KaKqII1/22RxGumnEQ4UKcJ5P09sVevziZ7vfDfUC5biBTXSjrymF1MxaL4ZUmO7hLqjM0pi6CF/sIMRX95MW8rTzbXOjqv79k/RFu/X/FT3jc39U/s6JO3u13W895fiDX5rdSkd1UzFpsoVQfwxV9xvWc260V4zwkqruVtJsjqr/O1f2upxC3mmQurdOSLIjqe9y626U4ScMssSypk0588nKxFNXNcnOt9W932/eIq19lsTjh9mHtA5CoqmSJNj7hUf9sV/e6mnr/9Pzu39nNd7RPRBFuuBl2Ee7UQPOblkBmhPgA4b5DoyjCPczgXUGaci7db/c1PZrbBoQRCRczWsGdq3gyYc7VJYxG4pdxYivC/U6McrkL+BZQen87hEQRrvttjyJcNeMgwh1fMS/fMsqxW/O8nDDH8/GQbEWWV77Bo5cA3/eotwdZRrEftpLkkaJKYtZcr3X/fq+VJJOe8yjiqbm//11XWVQ3w35MocBqQcxCLbWo+3krSRKPOaTWTN8rGXMC+Kr79xetJCl108212Q84wv37I+D1rSR5uGi+ovpVV2cZ4B6y2EbthBRSivo/G7OmeAJwgqh+sF28aSXJo5jP+enuo3dggWEraSXJ3WT7+dXAvm1VvgfciLkSvbug/RLgfe7fpYBCAbag3aVA6lr6Ho/6j2LmvAClVpHunD8FeKGorlbTZwKc4/6d5j5dQCrsbSSqVRn+rvDoC8ziYlwegiKRdtYijHg2j+y6Nor8HBM8Ziq/wSw+RonKFy2eBLOQb+NthLnn+CUe93YjwnXAnwP0M0Hvs9pGpnIRsDP2cHbhgOcySFbDkq2ch90b78poxNCMRCLlPBnwTpxYwY+xZ/FR529YrORueVH6xxQRzokjviLcSa0kuaWqgusvjZu1BPhuRfUDMRO9h4FjPOdQRirC3dlKkoc86qdCzq3AlQXrdwDWcX/XKv9irpfbA49igZKL2B4TZBZhWZfq+twNE9UAjgPe6USk9npzMDP5Q91HPwCe2kqSzwELC7oO+UM5bT6YyLUp8Ek31peBn7h5Po4TlV4L/Md99E1RzYuphbSS5CQyMfgzknMPbSXJY0BqJfY/RVZ/rST5B5DG+HuDeCTccKTi6gulIulGjnPdslSEc5yMfQ9e49HnGW75XKl3i83f5JcmRsFfhAOfLC+RyGjiZZnswTEUv5wYFe7EXgzMVH486Al0wN0B+lgmQB9FhEoe8LNA/QwLPwnUz/MD9RPxZxL4IxYr7tnYPfe0l+MziOcBJwGXYS/XR9FVNRKJmPFRCI3gq/VVRoLHME+LbikW4YAt8TcZ9Lk53YnMwuzEVpLcXFRJVJfBrJ8AfukpnFWRWuj4WMHNJrOg+lOJBV6adXReK0ku8xg/FfX+XLEt73XLL3mImdtjb+RnY1YV+7SSpFVQby52M7AXdmNwSCtJ3t5KkvtdlSKhJqQI92jBZ5OtJJlsJclh2DFeAuwHnCptcdxaSXIv8ArgIcz97xipiKGW48OuzYaYRVyeYzBhbyUyYbKofYKZPL/dYzywB9PUQmRaYogCUqu17WrcOP+OfdFf7NFn6uq8AmZaX8XFZGLAphX1ikToMkpjEUYiI04oEe64QP0MklEUokLwb+Afg55EBwyrCDcHu8fslgcYbevSIk4N1M8LAvUT6YyLsHvItTHDgpkcp++ZWMy4q4BdBjyXSCTSnBCW1dfRu/AWg+C3Afp4Hu4eq12E87WCexQzy6vjfbm/SwPCYyLXKu7vQvfNhqQWVNd61N0USLNRFrmiLkW2X35a15lzXU1FvcIsGKK6PiYWLcCC8lb1txamvC6DCSSvKnLpFdW1MVFmJ+z4vK6VJN/IrV+O4jdSvRbhHu+/lSTfx/blo5hF2B/bY9q1kuQqTERcggm4n6kbtJUkD2DxKACmuLs6a8H0nHpnkajXSpLryM7Pg3xi/jlhMxXWfN7up5ZwawPrVfS7ALgAeJZHn+cD6bmwRVVF5xKbiuBVfTexhCvdjkhkxAkhwl0GXB+gn0FzMmGEnVEjDbw+aoQ4VoplBw7JlljYh245EXtRNU7cDVwaoJ8tGb0YhuPIQ5jnz5bAJsAh2AvyRYOc1IDYCAuH8gtg9Zq6kUhkOBDqPbd8GDdPir9hmdm7YQ4ujNTjIlxDV9TTi2KR5RHVlYGXuH+vxSx8iupNAAe7f+e1kqSruApOBEst4XxEuFTpXVwyx5dgVlRLsDgkdWwGrIndJJ5QUuddmFXab6v2o9s3P8EEyhL4CI0AACAASURBVIeB1xZZ1onqUzBB6FlY5o2dW0ny+7ZqR9B7S7iieH/t8d+OxfbpIuwG5efSlhW2lSR/xAKCA3xYVH3e7n4dc7fdBnMfzvNT7HisznRLuXx7MJHstSV12jnZLZ8nFQlHAFpJcgdwk/u37sJ2ERa7rfJm2glrqWVmresumWVolSXcLfjHQIqWcJFxRDDXom45PkAfw0BCmLd/o8aoWrGEEkxDW8M9N1A/x9ZXGUlCWMPNJsyDUyQMk8DVwDewuHErY14OX6HZC89xYB9sX+w/6IlEIpFangUsH6CfcRPhHiWMZd/zYaol3KaYO58PJ9dXYXeyN6nfLopf5ngBmWVOCCu4tcgyGTYR4c51FlXtpILMBa0kucejv5e65V9aSfJg+0rn/pomHTi6pq+DyITMtzsrsfb+VsTiLzwRE3m2byXJ2W11dsdM44vomyVcSitJzsBcUsHOky8UtPs6tl0TwI+Kspu29Xk32fnzgYJ16UNk4X5oJclNwGnu33dVjZUj/R4sjd8DxuMuqTX15rnlMz36TC1tfES4NGD3eu3CZ4pzx/Z1SY2WcJFxZFPCCBBl8UBHkQsGPYEB4HP/MIwMqwgXQhxaSJgkBsNI4YvqDohx4YaXR4C/Yveoz8Tuod6K3Z/eX9FuXFgJC2/wOWLihkhkmGk3ZumERWSxy8eJywP0sSFMFeGauN/80aNOalXXojqZQRobbQF+lmZ15IPFV95EO0uz9EQrckWdIHM19H1LmYpwZZYD22OZhG6h4uR0yR3STKjfbyXJtGQVTtA7BhNg5gMvayXJ1W119q2YC/TeEq5M7PktcJj790Oi+pa29ZPAOzGz/o2Az3qMfyRm8fYKt//yfMctX1CRSOGnbvk8UfURmK4gc/Fs4pLqYwkH8DSPPlMRzqduKsLNJnP/LsJXhIuWcJFxJIQr6mOEcS8bFi4e9AT6zBJG15V4GEW4CcJYwp3C+Lr0nUlxcqumxLhwo8OtmCi1J/Zc8FwsBMt5hDkXhpWPAv9LyfNBJBIZOCHiwZ1GsS4w6oQQ4Z4IUy+AvgFzr3UxtEpxrqhp9od/lFiYIaqrkaW//VMrSXzd4KpIRbhJskybZTwRcz+EAhEOUypToaH2LaVLjLAd5r5T5oqaukP+osw60MUt+zlmYXUrbZZdOT4HvMz9/cZ2SzlRPdT1UxXbpdeWcFVjf5rMZet7ojpFnGolyW1kcQUPFdVtqgZvJcntZBlk39+2+hzgX+7vsuQLv8fEYPBwzXZC4Unu353r6pNZwm3eHguvjauxBw2feEQ3uOVTyqzbcuQTlaxZUc/XTWK9miQTkcgoEioeXBKgn2HhSsYvDlcVN1H8ezYKhBLhQsaEW4/sXqsbyu6rxoH5ZCEruqEyPmxkaFmMiW+fxsS41TBx7pvAhWSJwMaFg7AX36FjT0Yike7IGyh1w6iG9KgjhAi3AXQmwvn4976K7MJaZTW3Y24OoUzxUxHuRhczq4pU6b2b4jf9O7nlo2QCShUvxLb7tCLh0QkWqQhX5Yr6DrLjcXCROCmqe2NZPQE+20qSP7St/yRZWuAT8ROJuqVI8S5NcuBEyDdh4pgAvxXVNdqq/RgLhDgL+LGozqmZw5exm5U3uqQW6ViTZNZw+5YkaHiYLJnGXjXjpKQuqduI6go1dS/DxLXZWCr7Qlzm20vxewhMrTWWpt4yLS+ehxDhlgVW9KwbiYwKIUS4i+qrjBQJ2UuMmcCouqKCxY8dNkLFKesqZvAIUPmC25NlsfuByGhzH+bF8l4sRulc7JnkY9h95zi4r74R28Z4vkYiw8NGQPuzeCfcEqCPYSSECLcOsNQsAJcN0icbI/i5ouYD2xdZmKXslPs7tAjXJB7cX0us0tL5nd1KEh8XiNQV9R8l6zfHrO8uaiVJocufC8b/CffviRQE9xbVrTBxKq3zmbb1b3afTbq+dgfOKplTry3h5lY1cALjK4F7sTflvxJVya2fBN6GPVg8AzNjr+rvRkwwXcq1y/Nz18+qwK4lXaT7e2tR3ahqLEcaf282NW8OWkmSkD2c1z2UXEwzEQ7qXVJvzP1dJcLd6zFuSowLFxknVsEvvmId8+qrjBwzySV1lEW4YczoGsIV9VGmWnOPI3XeG76sFKifyPDwMHA68HlgN+w+dhMsptyPgGkxo0eE3TGPkhBB4CORSPeEcEWF8RXhbibzmuuUCWC91AptEyxlqg//rFrprL22d//eTrVimIpctxLmDSA0E+FS0eT89hVuO3Z0//q4ok6QiXDnllRLhZ8qYfIQzAx9IfAeJ0Llx1kDE4qWxjJ0vDEvIIrqTsAP3L9vbyXJ4W59mSl7UcbUTimyhHtywWdTaCXJDZj752Jsn3/TxbtL199IZvX3UVGtE4zTc+6AfNZSl1k2tRhsF+hSbs79/XqPuT9IJoTtUlefLKvK9pW14FNYAN867sj9vXFN3Xy21SrL18qsrG1EES4yToTIigrjZwkHM0uE+++gJzBmhBDhrsJiDI8zoe6DVw7UT2R4WYKFLvkxcADwdOwl0q5YqJrTsOeIUWBn4GeDnkQkEgHCuKLC+IpwSwjjGbJBanHk64p6Q1HGzzbWJLN++lO7iJQiqmuTiQanltXrgPXdsvKNqaiugv1oQfHbx6eQxTDxScqwsRt7kgJRz5HeiBauF9VVgQ+6f49wGTvz62cBv8bcDucDu+ePh6huDByLuXZ+tZUkP8w1L9u/IUW4IsutbUV1c+xmYJFbLgQeyR/zVpKcJqpfx2K5HQg8TVT3aSVJ+jB0LPYGcAXMWu6AVpKUuQin7jjrAV9jakbUG93yZaL6OuA4zGpujlvmXbQPFNWLsIfPe7Ev3ixsn6XLdcj24UGieiP2tvIWTOmecHUnsEDXqfvmS0T1rVjWwcWuD3HLx/92YqS6/7WtCHaepnxGVMFuzOa39bU65iae8iZRvQqLQTOJibrLAsuRxeHzIYTJciQyLIRKNjKqQf2rmEki3Kg8vI4CE8BmAfq5LEAfw04U4SLdcB8WMigNGySYl9N2WMKOXajxThkgr3bluEFPJBKZ4YQIyQLjK8KBGft0u58ai3A+2d7yWSmrXFfz5o6+mUd9SK146m5m8u6ARSLcc9zyIfzikKTbc4WzuJqCs5RL+yyzJvwwNv+HscxB7byeLPPVW/OZUJ2AdzIm8pwCfCjfsJUkk6KaikhTpla2QR1QZAmX/rBOQ1QfBu7ELCFvZ+oJ/ULgNlFN3YDzpuqbAGeL6gIsWHiSWy5mqjD1TlF9NbZPH2bq+fmbmu1Zl2qrxWmbhIl+vnV/WFurGSthQXx9WBn4XoAxp53rkcgIE8KNaxKoe1k1ioQIGj8qjGsGzkGwPPaCq1tCxGEZdkK5o0YRLgJmOTrPlW9h953PxRK6vZww4nhIvoV5HsX7ykhkcIQwrlgIFCblHBOCJGfopQi3GAuoX0b+IJ/nOX4lLth+mgigLq7Vhm45SZZhMk9qpXeGC5Rfx6ZuWbYtG2Gm4jflrLsex8Xle7P79/utJLm3bf0czBIMLJX975jKkdg23Qjs3UqSKe6noro+xenAQ4pwTbPJLYftl7LYa7OpjhPhG0MiWmv1jibx4yKRYSdEopEHMavZcWMmPRhFES4coeKTzQQR7r5A/UQRLlJEC4sPfRYWX3kdLIzOyzEruSahSHrB2thzzrsHPI9IZKYyizC/2UszNbzTuLFcgD7WFefutrlngyYi3PlFGUJz5AWUUPFX8julzp1kNbe8rZUkRRZcqQjnmzDimW5ZJsKlVl5lVnA7Y4FWE7KspnnejUtpC3ww78opqs8F9nP/fqTIEg9Le15Er2PCRcabuwc9gUgkICFuPsYha10RC8hc8sed6I4ajlAi3ExwRw2V2TaKcBEfbsOSOvwIs1bdjsxK7pkV7XrJu4BfUB5bOxKJ9I65hLnHm0W48C7jyjKzMNc9X0XPR4RL46zVJUZIRbgW4Vx38sJe3c1MKsKVmf+nYqKvq2z6g1X2w5G6opbFi9vbLX/eSpJb8ytEdQXg4+7f37aS5PzcullkrqsXYDHjpiCqTycT6aatLvm8E8bRBStSzjHAFYOeRCQSkBCWcOMqwk0yc6zhoiVcOEKIcC0sdMW4E0r8XSVQP5GZw2NYPOMPY54962Mv//ttgTqBJZcL4cIeiUSaEV/g9I85s8jcMutYQBbUvopUvKozQ0zNnu8JmJQhL8L5WsJNE+Gca+iTseD2tRkwXMbS1TAR6uqSalu55TRLOFFdBtjD/XtEQds9sIfDSeBjbet2zvX9gYJsqrOAoyhXtkOKcN/BTMnPwR5EFzGeblkzmcewc/jrWPbdUN/dSGQYiCJcNVGEizQlxE39Q5QnlxonEle6JT5IRbrlFuzZYTPg+dgL/n5lJ34GcEifxopEIhnxt6N/LC34P3Tc1kqSSkFFVOdi2VGhXoRLBbN7PMf3IZQl3JOw2HJXeooMqRXcPyv20UZYnLx5Bet2xeZ+YStJripYv49bntZKkvasr2nmzz+0kuTMgrZvA3YsmzgBRTjn1tsuEiKqgmUfrStLkd1oT7b9XfRZ3fph+mwY5tDpZ0uwc3cxsKTuOhCJjDDRHbWamWLtHEW4cIT4Ts0U8Rfs3rXblwHxQSoSikmyOHJrYc8c7yNMTKQq3oIZJcwE8T0SGRbib0f/mNNEhPNxBchflOtS06Z1QwZ2z4twdTfRq7plkQj3VLcsSthQRCrCFbqaiupywOrAda0kKbLQS11R/1DQdk3M2g0sTkJ+3brAqzCR5H8K2q6P/YgtAX7m6rbfEIe0hCvEJbZoES7eSSQSifSCaAlXzUwRQ6IIF44owjVjIVGEiwwndwCfxLxePosJZb2KEfo0LLxRDHkSifSP+NvRP+bMwv/H3id5Qv5iXGcJd5db+ma49CEV9h5pzw5aQGoJd1PFOl8RLs2MWhZf7kluOU2YdNaDu7p/p4lwwJ7Yfn0U+H3buje5dX9qJckUN1hRnQC+h7n9/qCVJPtT7CrbcxEuEolERoRoCVfNTLGEq7t/iPgTRbhmhEhwFTLhViTSzh2Yl83m+MfN7oTX9LDvSCQynRhPtH/MaZKKtqkIV2cJd41bhsyekQp6lRZXLiNsqvYWudal+8RXhEst524vWZ/G3bu1YN3umCvm9RTHn3upW57QSpL2B6DUQu5nBe32dm0XA190nxXdmEURLhKJRIxoCVfNgkFPIDJyRBGuGcsG6GOcr0GR4eFy4MXAd3vUfxTheocOegKRoSRawvWPpXtlCXd/K0nqbtbT7KlriGqoLDipCFeXlGEVLAMPFF+ImopwqXJ8W8n6KhFuT7f8Q0FShQmypAsntq2bg6UTfxA4oW2dAoe7f49uJcmN7u8owkUikUgxy2AvRLplnB+A4+9FpCkhRLj5AfoYFZ5QX6WWBwL0EYn4sBh4F/CZHvT9LCxJXiQ8Ia7LkfEjinD9o5E76l31VR4X4XzM6a/J/b2O5xzq8LKEIxPgoPihoqkIl9ZvZAnnRLbt3L/HF7RbC4slB3Bu27ptgKWB37SSpD1+zZsxF9glwBdyn0cRLhKJRIqZG6ifcRbheh2MOzJ+REs4f2YR5js2ztegyPAxCXwaeH8P+o7WcL0hinCRIqII1z8aiXA+qalTkcfnYeYWsuDH63nOwXf8x2rq5W9QqizhfIRHsH34COVvH1ORsd0S7smu7ULgnIJ2qRXcvUyPN7ejWx6d/9C52qYZSn/dSpJrc6ujCBeJRCLFhIjFBOP9ABwyhmtkZhDCvXKmZEgM9f2KlnCRQfA14IzAfUYRrjeECL0RGT9iPNH+0cgd1cdlNLWEW9a5RJbSSpIlwL/dv1t7zqGO9G1p5Ta1kuQxMpfVIhFqbsW6KTi30GWA29rdSXOk82kX4dLtvs5lEG1nS7f8Z0HfO2Ei5nltn+8IPNH9/bm2dVGEi0QikWIeIszDvs8Lq1ElinCRpoRI5hHCRXMUCLWdUYSLDIJJ4CDC/gZuTfzd6QXREi5SxH2DnsAMopElXBMRDvys4VIrrRd5zqGOVIRb1aNuaq1QJBamFno+AlV6Iauyfkj3RbsIt41b/ptiUku4KUKbqC4NPBe4sJUkSVubfd3yuFaStKf2jiJcJBKJFLOEMLGnxlkwiO6okaaEsAwN5So+7KwQqJ8owkUGxRWYRVxI1gjcXySKcJFiogjXP+YIvRPhVgTuqal/CfBa4PmiOqeVJI96zqWM9I3rsqK6bCtJqhI03I+5iRaJUOkNjE/2mHT/FWVZTZmLuci274/UEq5MhHvcEq7t8zQe3JQ4cU6cS023jynor2hbowgXiUQixgN0/yAc6kF6GBlngTHSG0Lc1I/zdypPtITrPXOZGhe6E/LeNJHpHA68F7/nRh/WYnpInkh3RBEuUkQoEe5MYF6gvsaVySYinE/WuHYRro6TsIv1ssC2dB9LIB+8d1Xg5oq66YlW9COR3sA0sYSrcmOaC9zuXHCtY1UBtnD/ThPhRHUNslhyl7at3tEt25M1bIXdrE4CpxXMI1rCRSKRSDkPAOt32ce4ClVzyBIFRSK+REs4f0JZ/IxzXMpu+Rewbpd9/BLYJ8BcxpWHgNOBFwfqb81A/UQyoggXKSKUCHcqvcmYPFbMqq/yOD5vNO7M/e0jwl0G3Oj+3qXBXMrIi3Cr1dRNb1KKMrM2sYRLRaw6Ea7dyu8ZWCw5yNxy86RWcI8wPUHEDm55Tdvnz3LLea0kubegzyjCRSKRSDkhLEjG1WrnSXRvQRKZeUQRzp9NAvUTLeHKKbo3bkrRc0NkKicF7CuKcOGJIlykiFAiXHxh68Es/DPC+Yhw95C5hD6prrJLNvAH9+8eotrtDX67JVwV6Y3h0yvW+QhUD7tloQjnXESXYrqgl7e2KHJHfapb3lyQlCF9W3p32+epCNfuvppSJMLFTCiRSCRihAgiP64i3EaDnkBkJInuqP5EEa73hBDhurWkmwmcHLCvKMKFJ2ZHjRQRSoSLcRw9CCrCObEoFZSe49lvKsJtQiYidUr+5KkT4W5wyyIRLr2BqbOmg/q4EOnNY7ugl1ohLmC6pRtkbyluKli3HBaDrv0N86Zu+d+SuURLuEgkEiknWsKVE0W4SCeEsIRbgWaeG6NKKBEuuqOWE0qEi1bB1VxPsZdPJ0QRLjzREi5SRLSE6yOhLeEgE+G29ax/FtkNw96ebQppJckCMgGqTkC7yC2fXmCBlz6I+Tx0pJZwdWJWuyVcekO5sMDSDbILZFFcu+WB+1tJsrjt8zQWUbuFXEoU4SKRSKScKMKVE0W4SCeEEIRmARsG6GeYmaD4pXBTrie7L41MJ8RD5lLUv+iPZMYO3bJWoH4ixgRRhIsUE0W4PjKLcqupdnwfLK50y6eLam2bVpK0yMyW9xbVbt92pm9e6kwhUxFuLrB227r0QezJHuOlNztlF7TUUq5MhFu6pN3KbllmCVcknqWiXNmXKIpwkUgkUk4IEW5c4wWFstKJzCxC3dRvHqifYWVtwiR1uSBAH+NMCEs4gA0C9TPOFHn5dEK0hAvL8sRQRJFiQllRRxHOg1nAdZ51fd+Cn+mWE8DWnm2Od8v1ged6tikjFeEqXVtbSXIncLv7t/3tYxNLuFRkK3srtsgt20W41PquLOts+vmUG1gnUi4HrFAgWKYiXJkgGEW4SCQSKSdETLjNGD9XJaH73+bIzCTUTf24i3ChRO7zA/UzroQS4bYK1M84U+aV05Rx+z0dNFEgiZTRYmp8/U5ZCX8PyhnLLIqTAhTxFM9655O5uPrGhfszWfbQrlxSyUS4Z3skenjcJbXt8yaWcI9i8dlWFNVpgpZzGX2M8phwc0rmmc5hlbbP04yqE9jbjDypCFeWFCOKcJFIJFJOCEu4VRk/95ktmf57E4n4cD92j9Qt4y7CbRaon2gJV00oES6+lKgnlCXcgkD9RIxxv5ZGuiPUNTJEeIWxRvC3hFtDVFdoJUmlQtpKkkdE9TxgRzxFuFaSLBDVvwMvB14jqu8tiHfmSyrCrY4FT72lou6FwCuwB4w86ZvbjUR1oiRmG2DJKET1LsxceiWK3/wsBJZt+yxvxaaYUJcnfRhsd6tNXN2lgKcx9YbrZmyfb1Ay3SjCdYATSSewYzaTyh3Aea0kuSrAboxERoGiGJydsDmZpfU48IJBTyAysjwGXE73ItO4PzjuEqCPJcC8AP2MM1GE6x+hLOGiCBeWaMUZqWIe5cY8TXgOcEmAfsaWJiIcmGWYzw/86ZgI93xR1VaSJB5tfoeJcGsCzwPOaDCvPPlsPM+mWoRLLeF2yYttrSRZJKpXAxsD61H/YHYtNu9VKP7RWYTFnsuTt36bw3QRLhUCn5H/sJUkj4nqhcB22INRXoQ7DXgdsEWJeLiQ6THo3ieqb3LjJ2QiX1Lyf9G6FibazGaqiDNs/5eVOoFtJpvCT4rqh1tJcsSgJxKJ9IFQViSbAacE6msY2HHQE4iMNGfTvQi3DpZwK9SD/TCxDGGE7iuISRnqCCXCPQW75w/V3zgSKu5YFOHCEkW4SBVnAa8J0M+2wPcC9DO2NBXhNsFPhEsFtBWxm/e/erQ5HjtYCuxJ5yLcf4BJsph0x1XUPRcTkNYCNgUua1u3MbA9fiLc85nuOpqyEJgQVXGJKGCqJdwcYH5bm1vdcuu2dgDnYCLcjsCRuc9Pd8unYG+NL27r8xayhA8pK7oSiRQxAXxCVP+3lSS+mZQjkVHlAeAquo/PFMq1bBhYCnsxFol0yjnAuwL0szl+95Ojxo6UJ+lqQowHV49vMjoftgdOCNjfuFH2TNSUYRbhuk0m2G8miCJcpJqzAvXjG5JsxjIL89n3vcD57tBzyQL77eHToJUk92Ox4cBcUjt6g9JKkkext4FglnBVde8DTnX/vqRt9Tlu+XyPYVPru9VK1qdvbvNx9Rbl/i5KzpDeTC0LPLNt3bluuUNbHLqryUTVoth6oVytIjOLJzD9+xGJjCv/DNDHOIlwL8M/O3okUsQ59VW82DVQP8PGSwP1E0W4em4gXMbe1wfqZ1wJJcKFiNXaK0bNiGF9wh2XyHhyGdMNgzphE0bv+9FXZjmXRV9ruO18KjkhLH079OoGgtqv3XINYAfPNkX8zS19kjP8zi3bRYbHhS6P8VIRrj22XEoqCuazxV6e+7tIvPs32Q/Ptm3r0hvaFfJjumP5NffvXgXZU68umV8kUoePGB2JjAPnBejjaZj73Djw5kFPIDLy3AjcGaCfPQnn4jZMhBLhYlKGeiYJc40HeDXxBUUVawbqxzeBYBNCJIuB6XG7h51Q15rI+NIi00C6Zev6KiPHBJZ3oJvyBMjMaH3Fmc1FdTnPuqm4tQb+AUxPIMuSuqdnmyJSEW4l6rNzHI9djHdo27argAeBZ4jqqjV9pCLcjiXr/+WW+ZPxP2RK8zSBo5UkS8jeau7Qtu5O4CT37zvamv4Ue8u3HvCmtnXfwuK4RfrHAszadD7VP/p3YOfJVdj5dB32xvZmzI34VqYfuwS4HhNlz8VuwC9xfdzA9MxUS9znZ7n+myQ/CfFWJBIZBUI8oE0A+wToZ9CsyvhaH0X6xyQWF65b1qK7F7TDyIbAUwP08wjZvWakmlAPmMsQJnbSuLJNoH6uCdRPnlCxE1cP1E+/eN2gJxAZCUK5pO4YqJ9hYnssrEE35e2QZcb8B7CXx8CzMSHpdI+6f8EEiOUxl9R/1DVoJclDonoK9nbpNaL6ng6zpJ6BKbnixr6irGIrSe4W1dOBF2Iny8nu8yUuy+tLsHg4x1eMdz0miDxHVJdtJcnCtvXTRDjX/6Wu7x2Bbxb0+3fgxcDuojq3lSQP5tZ9CdgNeJOofqaVJDe7fheK6neAjwFfENXft5Jkvlt3s6iuDTwrV1bFjmt7SRMStDCxJl3W/T0J7M5U675/Yy5eCSYELXbL5d0cNmVq8oMbgBOBe7Cgtw9hbxtXzZXdcEoyJvhejQmbawBvAzZy6x7GYg1e4/rKJ2FIsAQYD+SW8zHLj+9g58/9wNcxYeuRkvJyVwdM3DrCzf/eVpI8nnDDWWXOwbLXphlHH8ACMl9elYXXtf8g8GX379+AvVpJUhoUWFSXJnN7vg14ZStJ5uXWLwX8BnhV1biOUO4bkciwcwXFGa2b8gbsWjDK7I3FaY1EuuUcwggWe+N3Dzoq7B6on7OIL1l9CSXCgb3s/knA/saF1QkjLkMU4UKxGuMpikTCE0qEewPwCcJZng4D7wzQx5mP/yWqzxTVSc/yUd8RRPWXrs2NHm6haZu9cmPt1MGGpf2c6fpoT05QVPdAV/e7bZ9/yn3+bY8+/uHq7lywbg237hEnfKSfH+4+v7fAdRRRXVdUl7g6B1aM+ZO2z1cX1fvdui/UzT0kojohqme5sR8T1dpYYqL6C1d/gai+ts59WVRnu7qTojot1oyovit3DjUOQCqqIqqLXft3e9RfKzdeZRxCV3+5XP2PN5jXq3Ltah9mRFVz58/nS+qc6Pm9f6PvPIeIH2GicIjSrSATmc7ahDk2T2jvOACnB5rbs3owt34xC7iUcN+hEO6IPvwhwFxH+bgJYY7XRu0dd8m2geZ1L+MjDM/CLN9D7JeiOMCRYpbHvG5CXdtioPvp7EGYfTufqS/pQ7F0oPl9ugdz6xUHEO6cnwT+r0/zDnWsntin+abMCjTvXtzj1rEM8FiH820vL+rz3HvJKpjxTTf7YwHOCC4Vfq7E39LF17UU4Ldu+UT8f6ROIrPeCeGSurmoblhT9zhsx+zRluggFXj2FNW6m77T3HLHgnV3YVZdc5iaZOFot1yZgpv+VpLcilnDgVl3tfNZt3yzqD5+kreS5C7gEPfv+0T1aTVzD8nryDLpHdBKkj9XVRbVzcmSdxzYSpLfeVg/PgNIXYe/WrD+SW55UStJLvKYcztrYd+NFvArj/rpzWuAXwAAIABJREFUw8q1gM94+SyjTVzfls/97ZOleGuym5dpx8Gd676x3mJSj8hMIlTMoDcE6mcQ7MFoi1GR4eJisnAj3bAy43NTvzNTE3Z1yv3YfWzEjwXAHwP2dwS9EYpGmfZwOJ1yJfZ8FppHCWOdM0qWcFGoj/iyiHAxRt8SqJ9hYD+Kk2k24RxMXzARzsUfO7OqRY7tfK3agD9hbj0A+/o0aCXJArJ4Z69pE8Wa8Lfc35UZWl2MtX9gprp5UeKf2MV/FeqzQ6ZZVncs6H+SYpfUa8ge9spcAn/mllu0W3W1kuQvZMksvt8W0+5n2P5fCjhWVHuupIvqM7C4cwD/10qSn9XUn4u5ki4NHN1KkqOr6udIz6UbaLvxFNU5ZIHEf+7ZXzubu+VfWklyj0f91CrtmDqXUscGub8vazCvjd3yfizQdR2pJel8it0vtsA/qHCTeUYio06IDKlgceFGMZC8AIcNehKRseJRwonb7wrUz6A5KFA/v2Dqy71IPb8J2NdOWFiSiPEk4JWB+vp7fZWOmCSMS+raAfroB8/Gwi5FIr6EckndA4vRP+pMMD0Ofyc8rrfNKvqwhpXx9PN3sdFOdv/u62FNlpIKS+2iWBMuIAsm7xOHJE0k8bj1XStJHsLiy0G9iHgudpP5HFEtcl073S3bM4Wk5rzvF9WiNyrHYVZ0UGwNdwgWV+xJZJZxqfD3dmwfPB34aQPxtDGiuiW2r1bD4rO9p6b+BBZHYyMsZpzXzaiorgikrrnfLLCaezUWM24JflZsRaTxEX/hMZ9ZwGvdv7/07P8ZbvlfZ7Xoy2ZuOc9T7HuBW56aj02X43kFnxVxcytJ7vesG4mMA6HEgnUYTWu4N5CJ/pFIKH4UqJ/d8P/9GlbWB14RqK9Q+3UmcSJhhcsvk8XZnukcRDjLwL8E6qeIEPe1O9K9ZUw/+MigJxAZOY4N1M8c/PIODDs7EibO5RnTPhHVLRvEhdvfdyRR3TPXzuuGw8XMeqQoTlsTRPXHubHXq6m7rqt3V976TlT3d58vrLMmE9XTXN1dCtY9y627rO3z5UT1VqmIPSeq73Tr54vq8gXrD3DrF4vq1m3r9svtg49Vzb9TRPUFovqAG+M6UV2npv6EqH4xt01bNBjro5LF0SvaF6e69ZVusBX9LyeqD7syrf+C+tu48bzNdkX1I65No5sLUb1FPOP8uXhwady8afEEXZ3ve37fT2wyzyEixoQbboY5JhzYD2WI+d3FaL0FnItlZA713UlLjAnXH4Y1JhzYzfidgeZ3DqPtAvg5wuyHTkJuRIzfEfYaF62HYRO6j5mUlvmYN0+vODXQPIfdCvLphD3P0xJjwlUzyjHhwH5fL/GcY125lt5+l3vNLCzsWLf74WpyBnB5S7hLsSyUPmzXYOKnkL1t2s+nQStJHiaLsdaNS+q3cn8XWZHlx7wVs2ZbjcyCCOxHehEWpPDVNeP91S1fW7DuciyL6qbObTMd92EskynAO/LrcvzQtV8e+GDB+h9jloyzgB+L6jK5/v8PeJ/79zDxCOjvi6guLapHYsdqLuYi+cJWktxW0WYCi5/xYcxy8BWtJKlNnuHaLkMW6+5rznU5v/6pZC6YnbqivhITXI5v77+ENLPZMQ3GSI/xpb4NRHVdYF33b22mYWBLsrh5ZYKkb6zA0uzCkcgY89NA/ayGPXCPCkeRXWsikZA8CnT8YrWN5+KX2XsYmYMFSQ9BtILrnFDnYsrHCeeGOYrMxp5HQlmGnYYFh+8V/w7UT7Dnqh4wAXxx0JOIjCSTwA8C9fUU4NBAfQ2CQwmTWfgrlMWiFNWTPS1jrmoyoqge69o9Kqore7Y5KDdex37sonpOzsJt6Zq67yuyvhPVn/tYV4nqhq7e/WKxydrXH+HWH9X2+SxRnefWnVLS9wtz+3CaOaSobuzWTYrq76Qt26qofihnLVcpSPogqluL6pW5Y3S21FsbTojq1139RFR3azjmu13bB8XcUtvXp/u31mqxYow0W+iunvWvFMtA6h0XQlQvkYYZR0X1dbl9XWtVI6ofdHVLbzJE9U7P73vX58uAiJZww82wW8ItjwXwDjHHJVhMlmFnb8J9Z9pLtITrD8NsCQewJuGyrl3FaLoAhrKCWwRMuxeKeDMBXEjY69yD+L/gHDc+Qth96e111SEfCDTPYc7YvA9hj0m+REu4akbdEg7s92VhybyalgWM5gvezQiTTfu/2LlcjKh+2POhvNa9s63fvXPtvALqiuoGuTaFbpodjL2f55j/FdXZuc93yQlYa9b08Q9Xd1oyCFHdTjIXzBXa1u2Ym2ehACSqx7v1f5OC+G6iemCujy8VrP9Ybv1XmgpVTkTbXlR/4/bFpBOgPi818f6c0HhUrk2jLD2iurKo3uPaH16wfo6o3u3W18ZyKxljFScO3l23Pa7+09x43oFjRXVubt9tVt/i8XZfc23+VV8bRPWkqn3h5uH7Xd/Zd55DRhThhpthF+HArOFCnUMXMNxJGjbE4ouG2t72EkW4/jDsIhxYZvhQ59WovSTaBlhMmG3v1OI/kvFawl/rrgW8n5HGhP0Juw/vxTyQesnuAec7LQzRELAGth9Dn99piSJcNeMgwkHYZ6lOY7UPiqWxxJohtv0TlSOJ6rYNHsy9TelFdQXJYrx5Z50T1ctdmzvzolgTRHUpySx+5hWJV231L3Z1n5f7bLZkcdsOqWn/DldvWkBDJ0Td4da/u2B9aiV2r6g+qWD9k0X1MVenUMQS1c/mjtHbS+Z3v1t/h6i+XSxLadU2LSeqbxTVC9vOgdtF9cVVbXPbnY8/1ji7iKh+SzIrw1UL1r8+1/82Tft3faTWY0fV155iXfjWBmPsJpkloLd/vKieLwVWmiV1JySL0ffRkjrbSPX3O1+mnYsjQhThhptREOG2CTTHtBzFcMaxWgf4D2G3tb1EEa4/jIIIt3WgOU5icaO8X2gNmGUw671Q275jX2c/nswGriH89e4mzAVrJrAn4YTltEwzJOgBIWOlnchw/bYLcBLhz+t8iSJcNaFEOC8Pwh6yEZAQ7rzZidHha4TZ5oVY0shynGD1sOeD+e+bbIVkLqmTouqVdU1Uv5Brs0OT8dr6+Uyun8qMWqL6KVfvK22fp4kELq4S8sQsth51Ytm0L46ofsn1c2V7P2LWXKmr4iVSkGVVVL8smTBZ5JI5kRO8WlKQDENUVxPVH4hZpE26uf7Fze0QsUQQXxPVP4rqjQXH/gFR/R9RXa6974Kx5orqr3NtP1RQZy1RfVFFH8+SzHrs4JI6aUKG6VlHPHD7/jbXx/aebc5281qlwThfcWNcVl/78TbLOtFuUjxcWEX1ibn9XRifRExU9fmeJ9J5TMZBE0W44WYURDiwm+uQN65HMlw366sRVhgoK1GE6w+jIMKBxeANdW7dignJw85XCLfNpzBc15FRpldu+HcyOgJxJ0wA7wdahN1vi4EN+jD/2YS1FOu1+6wvE1gsr16c0/kSRbhqJrBQJN3Oexgy1X+bcOfNDYzG7/XLCbfNfh6dYq6OPg/nD4qHy16u35fn2tZmd3Rtts+1+YbvWAX9rJ0TMX5TUzfNYnp9XiQTcz1MRatK9zxR/b2UWHyJ6pqSWQVOi3UnqpuIxTSbFNVjCoS6uWLx7SZF9Vvt7V0dEdXjXJ3Fonpwez+u3rNF9VzP4z0pqjeI6uHiH9fveW0i3rTg5G6/3lwhrk2I6hmu/RVF55yoPjU3RqM4c7k+9s9tY+2NrTuOS0T13IbjXOTG8XaxFtXn57ZvQ4/6L8vVL3yQcsfR55hf12T7howowg03oyLCbRFonvny2R7P2Zd1CZf9qq5EEa4/jIoIt1egeaZlHhbHcVjZgTAPZJNYLLjae4GINxPA3+jNdW8+loRj3ATTFYHj6c0++10ft+PXAef9EDAMniOH05vj0l6iCFfPg13MNy0dx8UPyNrY706oc+dK7AXwsLInYeLATWJWcH7XBVH9RANR5vm+WyPm0nmza3ereLiXirkx5tvMqmtT0VdqjdWSinh2TvT5j6u7Wdu6o93nlTHAxJIWTIq5bxaJX6lrZaE1oai+NbeP31ew/m1u3RJR3bqkj2VE9ZRcP98tEbAmRHUzsXiAfxZzAb5TzO3zMlE9QSzm21Y+4pTrU0X1MMms1x4Tc3ttFxS3FIu/dlJZ36K6V24bCq3lxBJRpNaFjc8Rd55d4fr4vGeb9Bh8qsE4K0km5HpnUxKzOpwUc//1EQjf7+ovLNsfuX1WV/7iO88hJIpww82oiHBgDwWhb2A/ymAfzHYB7i6YV69KFOH6w6iIcApcF2iuaTmR4Yy7uA5wPeG2szq2TKQTnkq4h66yc7MypvSIsBTwFuBGerOfFtFfIeutged/JoO7BinwVY85hipRhKvn5i7mm5ZpBiwD4suEPX/mMZyJhQ4m3AuzSeCD3iOL6gsaiHBeFm25vj+Za+sVxFJUP5drs22T8dr62d533pK5DH667fONJLOoq4w7JlkShWmWWWLugkmVICiqR0pmybZz27rZksWuu0hKsr66ep/KCT+ni2pPszaJ6lNE9Z+5fX2rqD6noN4LRfUhUb1FVAvVcDGrvzQW37QYe67OK3JjeWcbbevjta79IvHMcipZJuFp21bR5pWSiadNXFhPcO1+61n/x67+BRV1Lhe/73htDLohJopww80oiXBPAx4JNN98OZ7+m+Ur8GnC3mT4lCjC9YdREeEAnkv4WFI/AKZlpx8gTyWsYHEtVRnWIt3wKXp7DbwHeAcmZI0ay2IPp7fQ2330qX5tkGP9gHNPy0/pfVKJdtYATu9izp2UKMLVEyKo/3UMx8ulJxBefD8bqA1t1SdmYbEoQ27fxdAgg7uoLi2Zu2RdubjJ1onqupJZR3lldRLVjXPjHdlkvLZ+JiRzBbxXVEsvkGJulIXbJ6rfduuOqxkvdWsts4b7qVv/u5L1sySz3rtH2oLjiyVp+K9bf5Kolt50iupL3TZPOvHv6+LpUuqLm+8Borogd7xOF9U1Cuoe4OZxY/t25epM5Lb/QVHdoKDO8qJ6k6tzvnRmBbeimIWZ9/klqk8Qi/t3rzRIGCJZhtN5DdpMSJYV9r2ebc5z9X9asn5Wg+/4tBh+I0RIEW4B5lYSS1a8swKXMEoiHMD7As23vTwIvBO7AeglszAXwNDWR74linD9YZREOIDDAs03X/6FJX8YNNsBdxF222qTYUU6Zg5wEb2/Ft7E6Ihxc4GPEP48Lir/of/iFcAVHc63qlxCfxJzzAJeD9zWg22oK1GEq+fsLuabLx/v98RLeCHhz6MLsLAvg2QNLHNryO1aTCf3IaL6J88H9ElRXath36lVz0JR9Xp4ksyy6sYiwarB2Pvl5l2a3VXMguwuMYulldrWrS1mMTUpqpU36jkRqSg5wsaSCZJ7lrRfWlTPdHWukTaLMTEX0VT0+oNUZNsU1Q1kary/e8Ws7bbocp+uKKqHiup1ub7vFkvuIG11Z4vqEa7Of0R1/Yp+D8j197qSOkfm6jy3w/l/17WfLwVZV0vavM61+WXDsVLrxSMatMnHu3u2R/0JMQvDSVEtNIEVi2fn+/32dpsdQkKKcLFML43iIRYwaiLcLHr7pvkszDIotIvq0sBr6M/DZVWJIlx/GDURToELA805XxYDX2QwVmPLYAlYQlub/rqfGzFDeSJmsdaPa+LNwCcZviyqE9icDgceoD/7YgmDE5gP9pxj0/IQ9tvbK3bCBIxO57ewy+2LIlw9P+tivvnSAt7GcMSW/BbhvyuLgW9ion8/WRYTOOd3Mfey8rWOZiSq72jwkN4oG4yo7ta0rai+K9dmq442isdFrTSpQaU1klj20ElRfXnBujRD6V+rBCyxJAuLxSzwiqzdUkHqblFdvaSPlUX1KsmsvZZvW/9iyVxkT6oTkkT1RaJ6QdsxvFLMSuuNovp0qbASdH3MFosj922Zavn2mNumoqyty0nmonuNqJa6YMnU5BSFCQzExMOWq3N01XwrxsknPPhUg3Y/d232a9BmZcncgl/aoF2aMGKBeGQpFdX1cts0Tfx1dbZp8P0e9NuJbogiXG/LTBPhwDK29eLHOl9uxGJvbEXnN1zLAC/F3GJCBAaeBP7bZfsowvWHURPhwLK/dftAWFauwizS+sEKWIypa3uwHfMZjYxy48CLCO8mXVcuxDKNbkj/H7QnsJALbweOYTBWVYP0ungC4X4ni8p5wEGA14v+GtYGDgXODzCv93TZPopw9RzaxXyLyimY5eMgY6ktB/ybsNuVljuBfen9NXA28GZ6d627iU4TRYnqWg0e0hu9mRPL3HmLa3u6Z5tVnMAzKQ3j0BX0dZiPoCdZ/K5pgfrdfB4sE+na6v6fq7d7wbplRPVat7403peYFdudrt5fpM3iTVT3zQk8d0mJ5Viu/oRYHLTTc+3ay0Ni1m1ni+qxovozUf2VmDXXora6C5ww9eSS8dYX1Xmu7hWiWhqcVkwovdTVvVQK4t2JiYDnuzoPVwl6FeM8UVTvcH1c2L5PK9qpqD4gDa1ARXUP1yYRVW//d8nEYC/XPzHX4/S4PLWkzmsafL/7/VYiJFGE622ZiSIcwMuAJNDc68p12Hl8GHAgsDuwDXYz+VTM1P1F2Nv29wM/x1zxWoHncTOW4a+bPqII1x9GUYQDe0jt5XfpUiyhwcaB5z0bS3Lyc3onJE5iD3OR/vFBens+VpU7gN9j1/TnAisTNlzBBPY9eCfmgnXHALd1EvvuDNrC50h6v50JcAKwD/aSbS2qY33Nxo7T3tiLuTMJZ137XczasZs+oghXz05dzLeqtLDftNOAY4EfYpZk33F//wbL+Hwxdv0IzTPorXB9JfB5YFvCXftmu/4Oc/33au6LsXuCzhHVcz0f0u8XDwudtr4/nWvvlQVHsmyOt/kKJiX9rCOZ5Vhp0HlRXd3VObNkfZpF9sqq7ZcsmcNNorpCwfrn5YSwUvFMprqeHiNt8c9EdUcxd910v/6uSuzKtVtHVN8n5va6UPzFmQfEssW+Skos55xg9cHcvC+QkiQMuTZp5tgFUpJEQlQPys3jf+q2saD9Su64peN4uwKIWRJOiuolDcf8rWt3VsN2adbWz3jW/4BkVonTsuG6Ood4HuN7m8x1CIkiXG/LTBXhAN7QxXxHrbSA7YHXddlPFOH6w6iKcBPAHwPNva78CwsA/0yaBE3O5rkq8GzsIaHXgeonsYfvpvOMdMcE5k40qOtue2lh1shXAGdgGbu/i7mMvhezHnkJsBtm4fF+7Pz8HibonQ5cDtxOb7PANi3nM5g4cO08kfAvr3zKYuyYXAScirmXXosd614dp39jVjobd9lPFOHqWamL+YYqlc/dXfBi+vOduRNLuPQK7Bj6Xi/mYIlXXo+5Bd/dh7lOYvE+u0NUP9RAkGlk6i9mGZXGQ/ukZ5utc+O9uaONyvr6petnvrS5d7bVu0nM6mta0gOx4Px3u34OrBnve67e90vWf8Otv7tKpBLVl0vmgvkNaXNxFdUVRPVHuf20SFSPEtUNq+aXay9iCSX2dELXZ0T1S6L6MVE9WFTfLGZF9QKpEUJFdaecgDTp5lGZsUymxuzbu6TO2pLFPPubNEiM4NrPEdXTXPslorpvw/apSPilBm1WFkvkMCmqH23QbqXc/vCKlSFZwo+rKup81fN7XZpddUSIIlxvy0wW4SC8m8GwlvSatVeX/UQRrj+MqggHZhnSr3hcaVmMnZvzgJMxK4LDgHdj4saXMRe9M7HA8b3IklxVriOMG1ukORPA1+nv8Z5J5Rx6Y6XTKaEzIw5jaWHWQGDWTN30FUU4P+Y1mGMvSq9EODAPjUFs00PYb+PZwHHAj7GXDWdhIna/Ylm2l8O7250OmRoQvq4c1kH/J7m217WLSRVtTnFt/uXbpqSf59aJPa5ean1XGPRfVN+bE89K3fbE4nTNd3VfUrB+ObFEBZNiFlNVcebyCQsKBR0xV9r/5uotFnMlfXY3+80HMVfmY3JjLxDVfTzavSfXpjBphhPQ/u7q3CkFmVdrxpiba59UHfuS9hOSuVLv1KBdPqah94ONqL4sd/ymWVGWtLnQtTm+os5vxe97/SvfuQ4pUYTrbZnpIhzAu+ifa+ogyi/JXAH27bKvKML1h1EW4cDcdxZ5znHcy/1YrK7I4IhCXG/KyVhQ9GFiGQaXPbxf5bO57d2sy76iCOfH+xvMsRellyIcwGcGvH3DUv6PkG71MtWSKajFjGQx1yZFdUfPNs/JtamMxVbTz4SoXu76KQz87+p92NUpDBgq5m6Zxi+rtIySzMrrliLBTlQ3lSzO3JdrhLh8XLsywWo5UX13TtxLy9Wi+vnQgpyYFd2hklmpTYrFryuMS5ZrNyFT3ZPLtkdE9feSWbC9sOH81ssd84Wi+rIm7V0fqXi7QBq4REuW3fefDcdLj/PFnvVnS+ZS/MWKeud5fq+nxUMcMaII19sSRThjB7pPWjCM5SQsc2XKG7vsL4pw/WHURTiwpCLD5DI3iJIAje5zIj1jAnPtHPQ5MS7lZ0z9bRkmehXDaxjKT5gag27LLvuLIpwf6xA+U3aT0msRDiypyyDcuYel/BXoOFRaIaL6Oc+H9Ukpye5Z0beIxXeblIqkBAXt/uTanNZ8i6b08xPXz6UVdXaqm5+obutEoUelIr6dE5tSC7FfFAlgYvHG0nh1pdaFrq/vSmYl9eqKurPFkgKcXXDMbhLV/xXVN4hlJG3k2un6f5pY3Le8YHurWOKHSpFPVGe58esEuAmZ6mb76YZz3Dx3rt0vDd2nc/183fVxQoM2m+TmfUjD8U517b7lWf/JubFKMw+L6u2e3+m3NZnvEBJFuN6WKMJlrAv8k8Efk1DlDKbH3Xhzl33e3nCfdkoU4cKcA4MU4QBexXhbmVaVRcAru9+FkcDsTW+Tb4x7eRizHh90EoY6xtEt9QdMD3C/dZd9RhHOn79WzKvXpR8iHFjSsvl92qZhKv/AMqOHRabGYasr7+yg/zS5QUs8M1zKVFfSrZtv1eP9vF8yq6pCV1KxGGuTonp9TV/fdvUqM8WKuUPeIBVWRqK6f277PlHR14SYRVvqWunj8rmpqH5EVM+R4qyoC0T1LLH4bZ8Ss6TbW1RfLBYHbg9RfYdYjLijRPWatvZ3ilm11ablFdUnSeZeXCfAHZmr1ygOnKi+RDJX4DtEtaOHKycYpkLeQQ3afTF3njXJpipimV8nRXUvzza75/ZTmQv1UiXHvqi8yHe+Q0oU4Xpbogg3lTnYje6gj0u35Y8U31C8tct+r2u2OzsminBhzoNBi3AAezDzXFPvwxKhRIaTLYCbGPx5MmrlHODJHezvQTALC8Uw6H0WqnyH4gyT23bZbxTh/Hlexbx6XfolwgFsDtzWo+0YxnI0du8fHieA3Or5wF6YRbSm/5Ukc1/8bH2Lx9v9xbUpjXvl0ceLc3N/fkW9VDRbqaLOik7gmZQaN0knIqbJFQ4uqfPZ3Nw+XNPfobm6766q29ZuNVF9k6h+Xywz6l2ex7nw2IvqXuLhoikW1+1jYkkjJp3Q9KaK+h/JjXO2qHo/cIvqW3L7+irxTFBR0tfzc/PwejgRs0JMhbu/Nxxvy9x463u2+XiuTWGwW1HdoMFx9c4aO6REEa63JYpwxbwdeIzBH59OypFMdVdp365u+r6s0V7snCjChTkXhkGEA8tCOlNu6m/FgqVHhpvVsZhmgz5fRqHMB/6H8t+VYWUOcBqD33/dlv+l3PJw+y77jiJcM35DmO1oWvopwgGsh2ViHvS53+vyCXpt1StZNkif4iUWtPWfurz+V2qyZ+babJ8b0ztAflsfa+f6mJYsIVfvRFdn55r+9nL1rhHVpWvqpmLJElF9fcH6CTFLs3R+h9b096ac2HSk734s6GcVUd3OiVdfFtUTxJJg3CBm5fagqN4r5ib5FVHdt4lQI+Zum7eeO6NKGBOzukvrniP+yQkmZKqQeZxv24o+0+Phbc0hZoVXaelX0fbdrt1t4p+45Feuzd0VdXZo8H2uPI9HgCjC9bZEEa6cLYC/MPhj5FsewdxNq3hnl2Oc57nvuiWKcGHOiWER4cCuFecz+O9JL8upmFt7ZDSYAPYB7mbw584wlvnA54BVOt3BQ8AKwCkMfl92UhLgY1SLBC/ocowowjXjSQwm1mm/RTiAuQzWBbeXZRHg5aHWNaK6c4OH9sIEBjX9ryqZ211pHKuCdn9zbS4VVelg3AknKE2K6m4V9VJ3wg969PdnV/fTNXVni+rpru5jRQKf6+9jeSGuSowR1d0ksy77l6huVTWHfiJm1fXr3LYsFNWDRbXIPDpts5dkbpPnNhDglhLV/5NM5PxY1TiefYpk2Wa94rO5dr/MHeNSS8qStmn8wN83aPMv1+asijr7en6X72gy3yElinC9LVGEq2cnTHwa9LGqKn8FfF6mHNrlOKd67rNuiSJcmPNimEQ4sBiF32CwAa57URYBB1PsLhYZflYDfs7gz6NhKeMgvuWZDXyZwe/XJuVy7EVgHS/scpwowjVnH/r/GzYIEQ4s+coXGK8kS3+jn271YhlA7/d8cL+kwzHSmF83+1rftFn0NI5H5/o417Xfo6LOG12dX3r0t5ETwh4V1cq08k58vNr1/ZCobllS782SWbn9TkrcDF3dzUT1Ale35QTEVevm3QvEsrO+RVTPbztH/iEV1nNORPtyrv55UhKzr6DtSpIlM7hfOsiAWtJvXoh+hWebFXOi6E8bjjfhvgu14m+uzVKSJfX4YUW9z4vfd7lfViu9JIpwvS1RhPNjAgsy/y8Gf8zy5b9YoHFfc/rDuxzvJM9xuiWKcGHOj2ET4VK2B65i8N+fEOUCYJOwuycyIHYEzmTw59SgynzsN2JcxLd23gA8wOD3c1VZjIkevt5Qu3Q5XhThOmN/+nteDEo5yZ2FAAAgAElEQVSES3kS8GsG//3optyNXQP6n1RGVI/2fHCfFNXG8SxEdc2cYPGBBu3Ocm3ukQaxwgral5oVShab61rPPj/q6p8m9dlB18uJLf+VklhjovoysaQJk2Ix+krjzolZ2R0qmXXhAlE9QlTX9Jl/t4jqM0T1m6L6QNt5cZuY9VtpXAix7J4X5Nqc00CAe5JY3LdJUb1cVIMp1aL6A8ks2mqTTrg2h+S2Y7OG422Ya1sar7CtzTNzbUqFO8myC9eVyiQjI0IU4XpbogjXjNnAG4FrGOxxuxyL77Zcw/l/u8txf9NwvE6JIlyY82RYRTiwh7LDGd2kDf/GbuhHLU5WpJoJzLroLAZ/jvWrjLv4lmd14IcMpzXuFUBhQrYKXtrlmFGE65wD6N/v16BFuJTtGb2wEi3sOz+465tYVkxfEe7wDsf4pmt/n3i67onqq3PjVsZNK2l/jmv7xoo6c8TcJyfFwyVSzCLpCld/P4/6GzsRcVJUrxPVNUrqbZETmZaIWYuVJkIQC8D/x9z+eVQsxtsbRXXFunn54oTEvcRiB15acD5cKOYCWZm0QVTfIFkW00lR/ar4xwjcRjJ30V/7CmWefatkbst/9WyztKje7tr8rYMxD5DMmtHrQVmymISl1npiFna+CTi+3HTeQ0gU4XpbogjXGRPAxsD7scDPCb0/VncBv8CsNTp9k9ftm8yfdjhuU6IIF+acGWYRLmVN4KvAQgZ/PfQpN2BWEI1DqERGiglgZ+BY+nN973dZCPwOeD0Q7H57hNgac0sb9HGYdPPYlc7c2XfrcuwownXHupjAs5jeniPDIsKBnaf7ADcz+O9OVXkQOAJLMtEzfAO+Lwfcg30R6rgB2KiVJJNNJiKq6wL/AZYCvtxKksqsoK7NbOBaYEPgFjdu0mDMfwLbAAe0kuRHFfX+DLwY2LGVJGd49LsDZpZ+L7BxK0nuqam/NRYvZ3lgHrBTK0keKqi3DPBFLH4Iru6+rSS5uqTf1A3qIOBFuVUJ5gbxb+C6fGklyQMFfSyDBVlcEVgJ2AxLt/w8oD0ZxxLgbCxz1MnAFVXngpgF41GYhQjYebZfK0lOKWvT1v7V2MPl0lgGpiOanns1/b8MC8wK8IpWktS6VInqu7BtAtjVd1ty7X+BXaQubiVJoZtyQZvDsSCsAE9rJck0y01RXQ+78Pnw7laSHFVfbajZHb+4GJHOuBX4QRftV8CEqG75PBZzYlRZEft92RV4ORAihMBtmMXb31y5HLs2d8Nfmfo70pTvAgd2OQcf9gEqw0F48B3gzgBzGQSzgU8G6OcbwH0B+ukHa2DXkn2AdQY8l3YWA38GjsZEmccGO51In1kd2Bd4C/DMAc+lGxZi9/S/xe6JHx7sdIaCp2FW5ftjz0b94lHsuefr2G97p2yMhaTolEuxa1qvUeDjAfr5GuZSPGxsAnwIu78KlZxnCWYdeRHwbobv+7osFmf4AGCDwU5lCjdh36sfA9N0mIEhqn9oYA23bYdjfNe1X+QEA58278mNu2/D8VLXx8oHA1H9YFNrO1H9kWvzE8/6W+cs4s6VCjdMUd1FzL1zUsxK72N11m1iLo6fy1lolZW7nUXbde7vpKb+LWLZRz8u5jZbGrOuYE7buHHSvv4uqmt7tp0Q1feJWQU+Kqp7+o7bBFH9rZvbpeKRpVTMEjJ1Mb5KGiaFcNuVHqNvN2h3vGQus1pS51UNvsMvbzLvSCQShAlgZeymbCcsA9MhWJyXn2APQX8AjsEE0G9gIuQHMNH5mdjNTS+YR3dvFr/Uo3lFIikT2IuXT2IvGgf5Jv1C4L2YQBiJTABbYtfq4zDr5EFbe9SVBcCvgNfQu9+VcWAZzODhm5jw0YtjcQNmefZW4jVlXJnAgv6/DRNZzwGuxq4VLaaeDwlmtHI9cAlwBvAzzEhnO0bn+zqBeR58AvvNHMR17iLgM5iF63AmSBLV/Rs8wH+zwzGe6ASVSVEttUxra7O8ZPHHLvERSnJt57l2B9fUS+PCeQeWFtVVnIg1Kao7erbZJCeuXSAVbrmiurKo/kSyDKIPigXdX71mDBHVFzvh7nei+h/PY/qYqN7oxJ5POMGtcqyKOTxPVE/M9d0Si6XnFR/FbcNRru1DorpTJ/PwGGeL3By90hFL5ko6Kapv72DMjXPt39Sg3Q2uzdkVdT7T4Dv8xKZzj0QiY82NdHej0w8ruEgkz9rYA80J9NZldTF2I/91TLCID8mROiawrNRvBr5P78Qb3zIf82I5CrPueg4mLkWasxZ2HTgYyxT7Iywx0YWY19ZjlF9H7saEl7OB72FWlO0eR5GZxwQWemUN7HvZ/wQB/WFd4F2Y9XjZ96Sb8hhwGSZyvp0BW843EaxWw9wzfFTCu4B1WknSajohUT0Ce1O0BHhWK0mu8GjzJcyUE+AZrSS50nOs8zHl84OtJDmyot4s7MK4PLBakatoSbs3YW8urgE2ayVJrcuUWHKGv2O+6xcDu7SS5N6K+s/CLCF2dR8twiwkjmwlyS2e85yL3QwsjWXVSctC4A7gduC+VpJ07M7k9uErsOO0XW7VmcCHWknyT89+lsfezO2KnY8vayVJR1l5PcY6GXMPuw5zK15cU1+wY70hlnnwSa0kWdRwzAOxAOhQ4lZa0GYjN0eAw1pJUuiK5ETkXYvWtTEfmBvSrTcSiYw88+ku/s/LgD8Fmksk0pRlscDQ62EPMkWlKvjyQixOzPUF5TKGyXUlMqqsjAXX3x7YCgtNsJL73CtJmQcJdl9/KWZBc6kr19N9yIKIHxPYcV0DC8txHxa+6AHiMYhEUuZi18E1MWF7zVxJ/8//Zi/E7lMfcsv52HfrSsxt+19YCDPvsGVDhaie3sCS5iUdjrGSWHKGSVE90bPNRrlxD2kw1t9cm4941E3dEvdp0P+EqJ7q2nnHaBHV9UX135K5QdYGVRTVHSRLNJFarv1ILFvpwBRzMffM/UX1yrbz48ymFmyiurZk1ovXiOoGPZo2orp9U4s0UX1TN1Zwro/fuPb3+R43UX1XbtwdK+rVuSKn5ZxO5h6JRMaWuXT/BvKpfZ91JNIMwW7uN8ZehK6GiXfD6aISmUnMxh44n4wZD7wEC1dwIBYP+EvAp7DwBfsDe2DJIf6/vfsOt6uq1gb+nuR9ExJaaEZKEJAuCNJLkBYJiDQRUQT1CgiISFFQRATBKwh4EaUINgQFQYqCnwYQEMFLUaRLh9BLghACpKyds78/5tx3r7M5ZbW9T3LO+3ue9aStOeZYu/h4BnPOsTHC//aOR7Zzvc3MFhSjEP7/6dDvNE7piBxFuMJdUygdmYrz4YxjGkWezIfgU7oyjjkuw70HxXuvzBo/jluDYYvtHEqZD4umtCybXVYfZB9dU1vGdDFsE72W0rzUa/gUpXMp7cIKO4f2k8filHamdDql53srvuUtDFL6IMP5c3VKd1Kq4vDyvuZaiNLdca5Ls+RKaWQsDNbj+5a7+xnDNtvGFuY8n+PGeY2z2EdH2fh5yvrdPT9v7mY2pG2OcgW4boTV1WZmZmZmlhWllXL8ID+ToZtnkXlGx8JRnaFJQZYiyGnx/nf6KkT0MuYXcczxGe5dKhY53mHoFpsZm2dx3cU+Ds3vY9zSbK78epjSsjnGTqB0Qqpw1bjmMKwA/CorWiVHadFY/DstPuM8vvvzcCul7YrMR2kyw9lvdUr/L+/rX2C+8+JcjzB0b80yZp/UsxZqakBpUirGURnHjIrftTqlG/q576M5vruHFcnfzIas/VGuCPd851M2MzMzM5v/5FqtU0uSqZTuBbB+htsXAfAxhHbWudSSZA7DFtHfAtgMwB4YuA3ytQCORjiwcEsAN2WYqnGGx4DLGGtJ8hql3yD8MLITgCsyxG84BaEN9MYIy8UztVquJcl0StsB+DPC63ALpe1qSTLgDzTxPLjvUPougB0ROudNRjgPZft4nQHgLUovAHgB4Qel9K8vIJwx1ziTYonU1fjzagh7tnt7DZ8DcCXCZ+D2vGeMxYLdoQiHHY9EONz0kFqStG0/N6V9ARyM8Nx71ZJkZoYxiwM4Pf7xRoT3q4h084frMo7ZAs1zmvr7zG+YI48yLc/NbOj5QMnxT1WShZmZmZnZcBNXV2VdUXN1iXm6KN3B5vlf/a4gY9jK1zhL7vsZ52isUDsp4/3rxfsvzXJ/y9jt49huZtximxq7KJvn8T1JqVCnnPiarknpcEp/Sq2gquqqUXqA0vcpbVJmlV1c4XV+jJswnHvW1rPtKK1P6e045+dzjDs39d5mKVD3FmM0pddjnOezPiulU1Kv/yb93Hd1jvexbVt9zWyBNAXlVsIVPp7CzMzMzGxYYzibK+sP83Mo9ddtaqC5JqZiHZTh/t/Ee+/JGP+oeP+PcuR0C0PTg7WzjkmN/Vmc71lKS+QcO5bSdXH805RWzjt/LzG7GJpATGY4h++nlP4ei54v9lGke4PSVEr3UrqR0o8ofYHSBpQqOfSVYRtuo+j4MqWJVcQdYM4tU0Ww/84xLv0ZvaDE/Luk4vw8x7h74pgZ7OccOkrPZPzOvlz0GcxsyHoW5YpwmVZ/m5mZmZlZi1i4eThHIe6YkvNdE+O8xAHOAmPP7pRZGhn8V7x3oK2u6TGT45i/U8rVMSsW0h6M4y9j/uYEoyn9Po5/lTlX1BVBaQTDSrxxlNrefYTSFmyeB3gHpeU7MOfODGf9dTPHeWgMDRwa34VnKS1WIodGAblOaa+MY5ZPjflNxvsGujJ/F8xsWFgS5Tujbt3xrM3MzMzMhgpKx+T4of6Z/lboZJhrs1Ssbw5wb7rY8JkMsdeP9/4jZ06/juMOzTMujl2bBbY8psaTYfVZx7ZpdkIsaJ3GZlOHnzFjg42S8+7LsI12DqVP5hx7UurzNqlEDmMpvRXjTGPGFYWUTkzNv2U/930px/f1kKLPYWZD0n4oV4CbDaCSVdJmZmZmZsMSpWVj4SLrD/Z7lJyvsTXxVQ7QcTW1MmnAM2gojWTYXplrCx7DdslpDNs1J+QZG8fvF3OcSWnVvONjjINiEa5jBat2obQRpYfis8yldHC7C4uUxqSKmTMobZtz/Lqp1//ckrk0VmTWKZ2accwohtWhdUr39fd6MXTDzfpdLfR5NLMh6yqUK8L9teMZm5mZmZkNNZT+mOMH+yydSvuba3Iq1sED3Ht2vO/FLIWc1HP0u9W1l3GfiuP+WKRgxOb5cHdygKYT/cTYls1mFLdTWqlInMFCaVWGc+gaBd2X+lvRVeG86zI0kGh8TtbLOV5sNg15itIiA4/qN1Zj+2131veQ0j5ZvhOUlmT2gvnT7S5+mi0gugBMBzCv5LVTpxOv2FgA76BcEe7ETidtZmZmZjbkUNozRxGuTmndEnN1UfpXjPME+zmbjNLuqTlXyxC7sbU212q9mNNP4tgv5xkbx4+hdH8c/92841NxVqF0G5uryH5Madmi8TqB0jqULmFz62md4Uy0tubNcL7d4ZRmxzmvp7RCzhjp930uSzaNoPTF1GtwTY5xt8cxb1JatJ/70uckDnQVbixhNgT9DeXPQjuv41lXaw+Ufw226XTSZmZmZmZDDsN2uOk5fsA/v+R8n0zF6vPgeoYGAo3izhcyxG2cOdfnwfb9jCWla+P4IwqMX4NhS2o3SzRZYNhW+9VUcekdhvPVCnembQdKm7DZWKJx3UVp8w7MvRKb3WXfYcGz9Ch9JZX7PiVzGs3Q0KER7yMZx22UGnPOAPdeneM7mqkhhNkwcS7KF6BeQFhVt6AquxV1DoB+j5AwMzMzM7OMKJ2V4wf8dygtUWKukZQej7H+2V8BhWGLZ53ShRnijmJolPAmMx6I3zJ+4dR8xxYY/+k49tkyr0+MtVYql8Yqqe8MZjGOYeXYNpRuaPk8vMiwSitXh9kC8zMWKBvNMG5nhhWSfcTaMVXg/UYFuR2aej0yb2um9KvUuHX6uW9hSrMyfj+757eirdkgOwTli3B1ABt2OvGKbITyz17qKAozMzMzM0ths7to1uuYkvMdkorV50H6lL4X73kqS2GD0pR4/24F81qSzeYRJ2ctpqTGnx/HXlm2KMWw5XJPhsP6G69VLeZ3JKX3l4mfMYcxlLan9N1YME1/Bv5J6UDmPIOvYB4bsbmNeS6lY1mwUy9DV9sZMdZP8r7HvcQbQ+kFNgvUK2cc9x6GTq51SrcMcO/eOb6buToEmw0DE1FNEe47nU68Itej/LMP2KXczMzMzMxyoPS/OX7Qf5nS2BJzLcxmI4I/93Pfdqk5188Qt7El9ZGixSGGrYW/jnHOyFOkiQWZextFvCLz9xJzBMP5eP/q5X14iNIplDZnP+fr5ZhrFKWJlL5N6eZUkahxvcXQgGGjKp4tQz6LUvohm6vWHsjyOegn3tJsNk+4tmghryXmyanXJ/Oquvi+Ncb1WzSmdGuO72bhcwnNhqhxqKYId0+nE6/Ajij/3NMB5F5dbmZmZmZm/aC0W44f9OuUjio536mpWB/s456F2NyG9/2McX8R7y98dh3D1suDKL1K6ZychbjVGLaP1il9rmgOfeS0fiz6/LuX92MupScp3UTpQobtq1+gNCnmtCrDirLtGVbY7c+wvfNkhiYQ17G51TN9vUrpivh6LFbV82R43l0pPcfmCsBTKI0uEW9phnPr6pT+wQpW8MXXsjtVEB2Vcdx6lJI47ur+Pl+UNsj5vVy17HOZDUHPoZpC3K6dTryEZQG8jPLPfFqnEzczMzMzG/IYVlw9nOOH/VfKFDIoTYjFlTqli/u575fxnmeZYYsnpfGU3ohjdi+aX4y1WCz+fDvnuL1ShbGty+TQzxxrUfo6pcsYVv519/Ne5bmeZ+hw+kVKa/ZXIGrTcy3PsJ33/7ZXssTqtxhzxfga1Sk9TWl8BXmOZ1gR2sgz0/vMcLbd3XHMDErLD3D/hTneu+vKPpfZEHUJqinCvQJgmQ7nXgQB3IJqntmFfTMzMzOzdmBYOZWnYPO1kvNdyuZKp/f1cc8aqQJT1q6Th8f7p5ct4MR4mVY4tYxpnHv3H0qrl80hw3xjKW1M6QBKJ1E6l9LlDCvj7mdooPBGLEbdxLDl9jRKR8Si4ZaxMDooHQAZGnYcyuYqwrcZzr4rtWWU4Qy451LvxZoV5DqCPRtUfCvH2G+kxh00wL3j+e4twf1de5R9NrMhaltUU5CqA7gS83en1BGopiNsHeE8OTMzMzMzaweG89BeyPFD/6sstxpu01SsH/Zz32XxngcoKUNcMnSpbKxG+xrb3L2zjzwaxcCnKK3S6fkXFJQ+SOmO1GdhCjM2OBgg7maUXmNz1dnEivI9LpXrr7MWLmNBeXYcd8tAn0lKx+f4Lr5QtmBpNoR1AXgM1RXi9u1s+pkJwMWo7jkLNTkyMzMzM7OMKB2d4wf/OqWjS853e2rl03v6uCfdvTXTWXRxZVX63LmbKE0ok2sRsQBYZ1iJtk6n55+fMWz3PZXN89GmUdo3a1FrgNh7sHnG3eOU1qoo5w+z2SjifyllOrCcYfXcbXHcbEprDHD/KEov5fgenljF85kNYV9DdcWpNwBs3Nn0B7QYgGtR3TP+BfP3ij8zMzMzswUfpcXjqqGsP/xPY7nVcJ9MxfpRP/ddHu+ZSWmFHPE/w2Zzh9cZtl+WPhMsD0rHsrkdcrNOzj0/Ytg6e0xqlVqd0kWUlq4g9sKULkjFvYHSEhXlvQmb5w0+k+dzROmwVE7fzHD/53J8B2t5vhNmw9QyAOaiuiLVXABfwfxRqNoJwLOo9tn6/Q8FZmZmZmZWEUrfy1EAqFP6Tom5yNB0obF19P193LcYw3bUOkMnyvfmmONDlK5N5TuP0l8YOoRWUqDJkMMJce63KO3SiTnnNwzbnQ9jz4YG9zPjWX8Z4m9E6dFU7LNY0RbNlgLcTPbR0bePse+P73ud0n0cYEt1LITnWQV3dfknNBsWfovqClWN6woA4zr5ECkTAPwqQ455r+918iHMzMzMzIY1SuNaVikNdM3hANvrBpjvmFSsS/q5byWGc+jqDA0Glss5z+qUfpwqiDQKf9dS2i/Pyqa8KHVROjE174WdKgAONkqidGCq2FpnOCfvM6zgrD6GrcffZHNb61xKB1SRe4yfLsDNpfTRHGOXofRYHPsOpQ0yjDk7x3evTmmHck9oNmxsBqAb1RetZgA4E0Cv/xGpDTYBcCmAWhue5RkAhVe3m5mZmZlZAQzbNvMUAm5kwbO8KC3BsFW0EavPQgWliWx2jHyMBbbhxSLjgZSuiqua0s9xL6XTKe1AaUyR5xlg7t1Tz/oih/CquFgc25fSE6nX92VKX2KBjrO9xO+itBubKyQb26O3qiL/OEe6APcOpck5xi5M6c44tpvS7hnn62b2791DVRQyzYaRU1F94apxdSOcy7YbwvbXqhDAlgBOBnB3m/PfscK8zczMzMwsC4atg0/lLMQV7hjHZifROqXrB7h3PzYPx59O6bMlCoCjKG0bC28PtTzPbIYzxfantGixJ+t1zpUp3ZWa52JKS1YVf7BRWpTSAS2v5wyG1WqVrLCgtH2qwNW4rqP0virixznSBbg38xT32LNDb53S4RnH3JPzOzep3FOaDTujAPwT7Stkpa8nAVwC4HAA2wFYH8DKAJYAMDLm0wVgcQBrAtgWwKcBHAXgdAC/BnAjQiOITuT71aIvqpmZmZmZlURp75wFgVdZcIslw5bFf2ctLjCsiHsmdf8N7OM8uZx5vI/SwZT+wGZ3zXr8/YUM3TGr6N45itK32Nwa+zLDqrFKzjDrNIZVaVtQ+jl7bvd9k9JplJaqaJ5NGc7zS3/uXqC0VxXvS2qeiakC3GuUNsoxdiGGVZaN/M7MOC7v6tMriz+h2bC2BoC30ZnCVn/XmwDemQ/yqAP4KeaPJhNmZmZmZsNTLKzclbMwcH6J+XZIxfknB9hmx7Ct9LLUmFmUvs4BDr7Pkc9ohu2jU1qe8d/x76soxi1H6ZdsbkF8MhYBF6riGdqN4cyzo1oKqHWGFV1fpLRIRfOsQ+n3LXPMo3QmpcWqmCM114EMZ7/VGRokrJNj7BKU/pbK8SJKIzOMW6el6DvQNYvSSqUe1Gx4OwCDX/iaX66bEVYImpmZmZnZYGJY+ZWnCFentEWJ+dKFlsMy3N9F6fPsufrqWUpfrbI4w9Dh8jSG7a+NeW6jtHlF8TegdEsq9ksMDSsqLTBVgeGst8mUfpcqVjUKQ79kWK1WyYqK+LpfzHefk3Y7pfWrmCM1lxgadzTmeIbSqjnGr0DpwdT4HzPDeW0M3VAfY77v2ImlHtbMuhC2ig52AWywrwcBVLJS2czMzMzMKsCeW+uyXPez4Go0hpVVU2OchNLEjONWo3RzSx5vUjqD0opFculjnoUYzjv7T2qeM1ldo4E9KT2aiv06pR8wbI8ccEVVuzBsn/0wpf9mz23AdYZOtUewwnPtGFYInstmx9PG9Q9Kn8hS3Mo531IMzUUa8zxKaUKO8R9gz+6vJ2cpRFIawbD1Oc/36xlKY8s9sZkhnMv2Pxj8QthgXTcgnEdnZmZmZmbzC0oT+O4uogNdR5eYbz02t+a9RGm5HGM3pXQFe66cqlG6hNKGRXPqZZ5lKV2dmuMOVtQUIBZmtqH0a4bmEI05XqX0C4aOoG0twsSC4BqUvkzpml7e/xkMW4G3y1JsyjHvkpS+z9CJND3fnxkaaFR+ZhHDVtAnU3NNYY6zDSltzeb5cXVKX8sx9ric36s6pU8Ue1Iz68NBAGoY/KJYJ6+fAajk6AYzMzMzM6tYLMbkKRS8XaYoxbDaqRHrLkq5/ms9pVUZVlLNasnrL5QmVVHMiYWqvSlNSxXJqt4iuSSlwxhWF6af451YLDqd0n/F4mOhrauUxlLamKEL7I8o/ZU9V/o13s8pDGfubcyKG0gwrDA8rqWYVaP0G0rrVTlXy7y7tRQYT2WOFYeUPklpThzbTemLOcZO5ru32Q503diOQqSZYRI614V0sK9j4SYMZmZmZmaFtf3/TMfCxK0A8pyBdiuA7WpJUis450kAjo9/vBvA5FqSvJYzxjIADgXwZfQ89+ZuAKcCuLqWJPOK5Ncyx3kA9kT4IW6nWpLcUSZmL3N0AdgA4QfFrQBMRO/biJ4H8ASAtwDMarlqAJYEsHTL1ds20jkA/o5wYPfNAP5RS5K51T1RE6XtAfwEQOP8tXnxz2fUkmRqm+YcgfCD6HfjX80C8IVakvw2R4wjEbayAeG1/WwtSS7NOHYlhM9gni288wCsX0uSB3OMMbPs1gRwDYDVBjuRNnkSwCEI21DNzMzMzGx+xnDu1dycK3e+V2K+EZR+mIr1AKXxBWONpfQlSo+35PcYwxlvo4vmGeN3MZw/V2doErFdmXgZ5hvJsG33ywzbQu9NrcjLe01j6EZ7FaWTGLbCtr07K8P5f79qyeVuVryasJd5l2DYYtuYc2qeOePn8szU+FmUPpZj/KLxOfO+T98dOLqZlTQawOEApmPwV6xVdc0B8B0AC0TXbTMzMzMzi2KRJm/xYKcS83UxbIFsxHqU0uol4o2ktAelv7fk+CylHYrGTeX6rRhvNqWdy8QrmMNoSiszNHLYm9KBDNtV96O0T/y7PRm2Qq7JQTjgP75On2PPTrOzKB3Nire59jL3hpSeTs17M8NKxqzjF4pFz8b4mZS2yTk+3QAi6/UnDmJjDrNhaHEA30NYJTvYRbQy100A1qj4tTEzMzMzs06IRYRHchYQplNaoeS8n2c4I6yx0uzzLHk2FqUtKF3JnudynUdpkZJxvxJjJZT2KxNrqIkFwutbPh83U1p14NGl5u2idBCb57fVGVZZZj6YnNI4Srekxr9GaZMc48X8nVAbqzXHFXtyMytpBQA/R9gOPtgFtaxXDcDvEI4u8NlvZmZmZmYLsriaaHbOQsJteQoefcy7M3t2zbyEORs29PM89yVGF/QAABYjSURBVKXiPklpq5IxP0dpXox3VtlnX9AxrEA8nM2ut3WGJgwHli2mZph7YUoXpeadTenzOWMsybBltxHjJUrr5Bg/gqHbbd4C3ExKa+d+aDOr2goAvopwluNgF9n6uqYjrN6b0KbXwMzMzMzMBgPDOWp5CwpnVDDvZpReSMV8itJmFcQdRemEuHqtzrA67qQyBSJKH0+tvLqN0rJl81wQUVqb0u0tn4WrKS3XgbnXpPRgat6plDbOGWNpSvekYjxN6f05xncxrLDM+32pU9o9/1ObWZutiXDG2uMY/MLbVADnA/g4gDFtfGYzMzMzMxsssbDwiwJFhS9WMPdSsYjTiFmjdCwrODOL0gdbVjydVbIQtw2lGanVU6VW2C1IYmHzePbcAvoipU+UeU1zzL93XEnWmPtaSnm6kTaaR9yfivEwc26tpnRqwQLcibke2Mw6rQvAhgC+AuCXAO4FkKC9RbcXETq4HorQxdXbTc3MzMzMhgNKYxi6cuYpLNRYolFDau7GGV/p7ak3UVq+gthiz66dF1AaUSLe+pRejrEShm2ZQ/oHJ0obtxSv6pTOZQXbhzPMPYrSj1LzzmNo7pHrPaQ0nj1X0f2LOZo4xBjHFizA/aHMZ87MBs1oABsA2B/A2QCuRmiOcDeAJwBMAzAX7y6uzUbYTvoMgIcA3AHgEgAnAvg0QrFvsc49hpmZmZmZzXcovZ/hbK88BYa3KG1Q0fxrtRQCp1PapYK4XZS+n4p7EUustKO0CqUnUvEuoTTkfqCiNJbSGWyeh1ePhawtOjT/ipTuSM39EqWtC8RZlmHVWyPOrXkLiJQOLViAe3gofjbM7P90IWwdfQ9CF9a2doU2MzMzM7MhhNKuBQoNL1FasaL5R1P6n5b4P6a0UAWxj0zFPKVkrPGU/pSK9yqlwyiNKpvnYGNoPLAfpWdSzzeb0nGdej5KOzJ0LG3MfzOl9xaIszylR1NxplAamzPGfgULcDMorZ43ZzMzMzMzMzMbJih9r0DB4UFK4yrMYTKlV1Lx/0VplQriHpSK+ekK4u1I6d+pmE9R+jQX0O2HlD7Cno0L6gydQFfu0PwjGZpodKfm/29KuVeXUJrAnisWL6c0OmeMPRi2Xef9PsyltEPenM3MzMzMzMxsGKFESjcWKDzcxApWrKXyGE/pulT81yl9tIK4ja2p77CCrbTx9TqUYftsumi4a5Hi0WBgOOvuupb383pKH+pgDsu1fO5eK/p+M2ytnpqK9VPm3IJMaRJ7NqLIetXoTqhmZmZmZmZmlgWl91B6oUAB4s8VF+JGUDqGoQlCY47v5C2o9BLz8hjrWeY8oL+fuEswbKVN5/o8w8qu91UxR5UYVp3tFott6ffwHkof6XAuu7QUMe8s+ppRWrPls3saczbPoLQ5pbcLfP67WcEKSzMzMzMzMzMbRiht0VJQynpdT2lMxblsSunp1BxTKC1VIt6YWOipx9VXla1Yo7Q6Q0fPaS3FmSmU9qK0SFVzFcxvaYYOo1Nb3rfHKX2GHdxKG9+Hs1vy+DELnj1HaT2G8/kasY4tUIBbj2HVZd7PfZ3SF4rkbWZmZmZmZmbDHKWvFCxG3MicB+BnyGVxSr9NzTGV0vol4k1IFcpOrTLXGF8MK7wuZ2hs0Mh7TixUHhELdrmKRAVzWTIWAC9uyaWb0jUMZ/B19Bw7Sh+g9EAql2mUdi0RbxNK/0k918EFYqzOnmcR5rm+XDR3MzMzMzMzMxvmKHVRuqhgUeJmSgu3IZ/9Gc5zqzOcG7ZuiXjbU5oXY+1ZZa4t84yjdCClv/XyOj3BsHJux6peL4Zz6rZk2Ap7R+oZ0wWvUyitVMV8OXPronQIpVmpfP7MAt1PUzG3ovRmjJVQ+lSBGKswbE8u8lk/pmjuZmZmZmZmZjY42r4qKi9KAnAZgD0KDL8VwM61JJlZcU5bAZgCYCyAVwF8uJYkjxaM9XUApwKYDWCHWpLcWlmivc+3MoB9AXwWwKot/9wN4GEA/0xdjwOYWUuSuS1xugCMB7BS6lo5XpsCWKyX6e8AcA6AK2pJMruK58mDYQvxzwA0GhfMAXA0gLNrSVIvGHMSgGsAjEF4D/esJcmfcsZYH+HzNL5ACifVkuSEAuPMzMzMzMzMzHqiNJrSnwquErqNUm8FobI5bZNaEfc8pVUKxumidFWMM4Md6gga592M0jnseX5cX9fseN9TDOe3zcow5lFKP6G0N6UiBaaqnnVkXMH4Uiq3+yitUzLuZ9jcXjsjFmfzxtg2tYou73U6O7Cd2MzMzMzMzMyGEYZD9G8sWKz4B6Vl25DT9qli1NOUJhSMs3gsWNUZDvZfvepcB5h/BKV1KB1K6TJKLxd8nZ+i9HNK+1JavpPP0MdzdVH6KKUHW/L8AaXRJeKOZOh62oj3apHiKaVPMJzRV+S1PscFODMzMzMzM7MF13z9Qz3DmWVTAEwsMPw5ALvUkuS+inOajLAdcRTC1s0ta0kyrUCcDwC4C2GL67MAJteS5JEqc82RSxeAxQGsCGBCvJYCMBPAmwBmxKvH7wdji2lfKG0E4DQA26b++hYAx9aS5PYScZcAcAmAHeNfPQdgUi1JHssZ50sAzkax79yFAPavJUl3gbFmZmZmZmZmZgOjtBilOwuuHppJ6WNtyGmf1Bx/ZTjHrkicHVIro96ktEvVuQ5lceXbBpQu6WUl5EfKrhyjtBalx1JxH8m7+jHmeFLBz2+d0qWURpZ5DjMzMzMzMzOzTCgtQemegkWMeZSOqHorH6WfpuY4t0Scj1Kam4p1PKURVeY61FBaltLXKD3Q8l4/RGmPKt5rSh9jz7Pb/kBpXM4YIymdX6IAdxElln0WMzMzMzMzM7PMKC0TiyxFCxrnVlnQoDSWPc8eO7hErN0oJalYV1FatKpchwJKCzE0fPhTLKym39uHKe1XxYoxhvPyvkmpO1XE/XrewmjM9yoW/7xe4GKsmZmZmZmZmQ2KuALq8RKFjesoLV5hPmuz2TE1obR1iVgTKT2XyvUxSjsOPHJoo7QhpfMovd7yXr4ZV5ltVsXKtzjXypRuSs3xMqVtCsQZR+mWEp/Ts6p6JjMzMzMzMzOzQihNYOhMWrTA8RCllSvM57Op2NMorVQi1pKUft+S7zWUVq0q3wUBwzmAB1G6u5f370aGbqxjK5xvBKUvU3orNc+tlJYrEGs5SveX+Hye6gKcmZmZmZmZmc0XKK3EsAWxaKHjP5T2qDCfH6Zi30dpkRKxuigd2lIQmhOLM0N2i2p87o0Zztp7q+X9eprSCWUKnP3Mu2ovq9bOYIFmG5RWpzS1xOfyBBfgzMzMzMzMzGy+wtCs4eYSBY86wzlxYyrIhXGFViPulSx5nhfD1tsL2PP8sxcZzj4bMmeFMax6O5jvbrxRo3QZpe3a8bwMTROOYHM7cZ3SK5R2LxhvY4aVkEU/i8dU/YxmZmZmZmZmZpWgNIrSr0oW4u6ntHYFuSxF6an0qqaKnnFdSlNacn6EYfvkYlXM0WkMq942ofQzSm+3PNsrlE6itHwb51+d0m0t8/6c0pIF4+3Ad6/ey3MdVvUzmpmZmZmZmZlVKhZ0vl2yEPcOpQNYcisgpQ+2FJX2rPA5J/PdZ43NpHQ2pbWqmqedGBoWfInSvb28B3dQ+gyl0W2cfyGGzqezUvM+SWn7EjE/y56dbfNc3ZQOrPIZzczMzMzMzMzaiuGw/jkli3GXsWT3VEp7thT3tqvwGUdS2ofv3rpZp3QDpd0ojaxqvirEIuk2lC5uKX7V4/v1K0obdyCH3WPBrTH3PEqns2CDB0qi9KOShd/KirRmZmZmZmZmZh1D6cMMTRfKFOKeprRZyTwOScWbRWlSVc8Y43dRmkTp+l7yn0rp65SWrnLOAjkuF1edPdFLjs/Ff3tPB/L4QCxQpue/l9KGJWKOp/S3Ep+xlyhtVOVzmpmZmZmZmZl1FKU1+ij85LkSSt8os6qM0hdbCnGTq3zO1DzrU/oNpbktzzCb0u8Ytn+uzTZ33YyFwTUoHU7pOvZsKFFnaLTwB0p7UGI7c4n5LMGwUq3W8pp8gwU6n6bibkbphRKfrXspTajyWc3MzMzMzMzMBgWlpSn9vWQhrk7pdkrrlsjjCwznfjUKQDtV+Zwtcy1J6SBKt/bxLK9QujwW5T5QRVGO0qIMW2DPY1hB2Nu8D1A6itL4Kp4zQ04jGbqtTk/lMI+hCcSKJWN/keW2PF9LaZGqntXMzMzMzMzMFhxtXR01mCgtBOBsAPuXDFUDcDqAk2tJMqtAHp8D8EuE13ougH1rSfK7kjkNNOcqAPYB8GkAfXV+nQbgFgAPAHgdwAwAb8Qr/fsxAFYC8L74a/r3qwHobVXbswCuQXjue2pJUi/7TANhWLX4KQDfBrB66p9+B+D4WpI8WiL2WABnATigRIpnAji6liTzSsQwMzMzMzMzswXUkC3CNVD6NIALAJRdgfQkgINqSXJjgRx2BXARgEbTh58DOLKWJDNL5pRl7uUAbBev7QGUWg3Wh6cRCnq3APhrLUmmtmGOXsXi2ycRim9rpv7pOgDH1ZLk7pLxN0N471YrGGIegENrSXJ+mTzMzMzMzMzMbME25ItwAEBpVQCXAdiggnAXAfhqLUmm58zh/QCuBLBe/KunEFbF3V5BTllz6AKwMoBVAUwAsEL8NX31VqycB2B6vF6Lv74C4HYAt9SS5Nm2J9+C0ggAewE4AcBaqX+6HcCxtSS5pWT80TH21wGMKBhmBoC9aklyQ5lczMzMzMzMzMwWGJRGU/phBefE1eN5Y5/Ne64apTGUftFyVtl3WKJRQJUYmiuMo7QOpU0prRr/PN8UaymR0t6UHmp5T+6j9LGKzrr7YIxX5jPyFKW1Bp7NzMzMzMzMzGwIorQrpdcqKsb9Ja6yy5vD/pRmpuLcxRINIIYDhmYbx1J6ruU9uJ/SPnFlXNk5Fqd0Ct/daTbvdSulZap4bjMzMzMzMzOzBRalCey7i2jea1YsDuVazUZpBYZupelYf6T04flp5dlgo/ShuHpwdup16qZ0NaVtK1r5NorS4ezZUbXodTHDVlYzMzMzMzMzM2PY1ngyw5bQKopxD1PaOW9RiNJkSo+3xLqD0scZmg4MO5TGMmw5bS2UvkHpB5RWrmieLkp7UXqios/At1xANTMzMzMzM7PeDPuCAaUNAfwUwIcqCnk9QuOGB3PksBCAr8Vr8dQ/PQ7gDAAX1ZJkdkX5zZcojQOwM4CPA9gJwJjUPz8G4EcAflVLkrcqmm8iwmu7aQXhZgP4XC1JLq8glpmZmZmZmZkNQcO+CAeEVXEAvgLgZABjKwjZDeACAN+uJcm0HHksDuBLAI4EkD5T7BWErqx/BvD3WpLMrSDHQUdpPIDdAOwBYHsArVt6pwA4C8D1tSTprmjONQGcGuetwj0A9qslyUMVxTMzMzMzMzOzIchFuBRKKwE4B8BHKwr5JkJh75xakszKkcdYAAcAOBrACi3/PBPAjQgFuT/XkuS5inLtCErvQyi6fRzARLz7M/g2gAsB/LiWJI9WOO94ACcCOBBAFdt8uwF8D8DJQ6UoamZmZmZmZmbt4yJci3im114IK7DeW1HYlxG2Pp6fZztlXKG3VcxnTwDv6eW2BxELcpgPV8kxdC1dC8DuCMW3DXu5rRvAzQAuB3B5LUneqHD+VRBWOR4AYOGKwj4O4LO1JLmjonhmZmZmZmZmNsS5CNeHeEbZqQAOqjDsawDORFgZl6vQFJs0pAty43u57S2EVXJ3Arg3Xi/XkqReJukcOS4GYF0A6wH4YPx1XfRe/KoD+CtC4e2qWpK8WmEeXQA2B3AUQuFvRFWxAZwL4JhakrxdYUwzMzMzMzMzG+JchBsApS0Rzndbu8KwbyI0GjirliTTC+Q0EsCWaBbklu3n9mloFuTui78+VkuSJO+8ce4uAAsBWA49i23rARioa2kdwK0Ihbcra0nycpEc+smNCK/HUQA2qTI2gBcBfKGWJNdVHNfMzMzMzMzMhgEX4TKgNArhfLbjAYyuMPTbAM4D8IOiBam43XNzhC6fjWLY2nh3k4NWMwG80cs1A8AoAIv1czFjeu8gNC74B4B/Ari5liQvZhybWWxocQDCttMVq44P4FIAX64lyX/aENvMzMzMzMzMhgEX4XKgtBqAnwDYruLQswFcAeBiADfWkmRemWCxaLgmmkW5xrVMf+NKmouwyu6faBbdHqklSa1dE1JaA8DBCAW4RdowxYsAjqolyWVtiG1mZmZmZmZmw4iLcDnF7Zj7ATgNvZ/LVtaLAC4BcHEtSe6vKmjMe2mEQtxS8Vq65delEIpZ3QhbR7tbfj8HwKsIW1zTv74K4IlONIWIHWz3BvApAOu3aZq3AHwfwJk++83MzMzMzMzMquAiXEGUFgFwJIBj0J5VWEA4w+1iAJfUkuSlNs0x36O0HML5d58CsFkbp5oH4KcATqwlySttnMfMzMzMzMzMhhkX4Uqi9B4AxwE4BAOfw1ZUN4AbEApyvx8Oq7MoLY3QZOFTALZGez+rdQBXATi+liQPt3EeMzMzMzMzMxumXISrCKVVAJwMYJ82T/UWgD8gFOVurCXJ822eryMoLQxgC4SC29YIzSZGtnnaboStv6fUkuTfbZ7LzMzMzMzMzIYxF+EqRmkDAKcA2KFDUz4G4MZ43bygdPCktCiALdEsum2M7F1Xy0oAXAjg+7UkebJDc5qZmZmZmZnZMOYiXJtQmoRwuP8GHZy2DuARhC6l9yKcKXfvYJ9vFreWrhGvDwDYCuF1afdKt1azAVwA4IxakjzX4bnNzMzMzMzMbBhzEa6NKI0AsCNCA4dJg5jKywhFuUcBvADg+fjrCwBeqCXJ7DLBKY0CMA6hy+rqaBbc1gCwJoAly8SvwOsIDRf+Z7ALkmZmZmZmZmY2PLkI1yGU1gFwBIB9AYwe5HRavYZQkHsbwNxerjkIWzjHIBTb0tcS8e/nR3cCOA/A5bUkmTXYyZiZmZmZmZnZ8OUiXIdRWgbAQQAOBfDeQU5nKHoHwG8AnFdLknsGOxkzMzMzMzMzM8BFuEFDaTSATyJsVf3QIKczFDyEsOrt17UkmTHYyZiZmZmZmZmZpbkIN8godQGYCGA/AHti8M9PW5DMBXAFgJ8AuK2WJPVBzsfMzMzMzMzMrFcuws1HYoODSQA+BWB3AIsObkbzpRkA/gTgDwCmeNWbmZmZmZmZmS0IXISbT1FaCMBOCAW5XTD/Nj/ohKkIRbdrANxaS5JkcNMxMzMzMzMzM8vHRbgFAKVFEApxuwLYBsOjocNdCEW3awA86K2mZmZmZmZmZrYgcxFuARPPkFsdoRi3DYBtAYwfxJSqMh3AnQhFtz/WkuTFQc7HzMzMzMzMzKwyLsIt4GJRbg00i3KbA1hxEFMaSALgYQD3t1wve7WbmZmZmZmZmQ1VLsINQXH76poA1m65VkFn3/OX0Cyy3Rd/fbSWJHM7mIOZmZmZmZmZ2aBzEW4YoTQGYdXcBABLx2uZ1O8bfx6H/j8b8wC8Fq/pvfz6LID7a0kyrS0PYmZmZmZmZma2gPn/PrrVNwh40mYAAAAASUVORK5CYII=
\.


--
-- Name: articolo_id_seq; Type: SEQUENCE SET; Schema: public; Owner: postgres
--

SELECT pg_catalog.setval('public.articolo_id_seq', 30, true);


--
-- Name: cliente_id_seq; Type: SEQUENCE SET; Schema: public; Owner: postgres
--

SELECT pg_catalog.setval('public.cliente_id_seq', 6, true);


--
-- Name: preventivo_id_seq; Type: SEQUENCE SET; Schema: public; Owner: postgres
--

SELECT pg_catalog.setval('public.preventivo_id_seq', 6, true);


--
-- Name: utente_id_seq; Type: SEQUENCE SET; Schema: public; Owner: postgres
--

SELECT pg_catalog.setval('public.utente_id_seq', 5, true);


--
-- Name: articolo articolo_pkey; Type: CONSTRAINT; Schema: public; Owner: postgres
--

ALTER TABLE ONLY public.articolo
    ADD CONSTRAINT articolo_pkey PRIMARY KEY (id);


--
-- Name: cliente cliente_pkey; Type: CONSTRAINT; Schema: public; Owner: postgres
--

ALTER TABLE ONLY public.cliente
    ADD CONSTRAINT cliente_pkey PRIMARY KEY (id);


--
-- Name: preventivo_item preventivo_item_pkey; Type: CONSTRAINT; Schema: public; Owner: postgres
--

ALTER TABLE ONLY public.preventivo_item
    ADD CONSTRAINT preventivo_item_pkey PRIMARY KEY (id);


--
-- Name: preventivo preventivo_pkey; Type: CONSTRAINT; Schema: public; Owner: postgres
--

ALTER TABLE ONLY public.preventivo
    ADD CONSTRAINT preventivo_pkey PRIMARY KEY (id);


--
-- Name: utente utente_email_key; Type: CONSTRAINT; Schema: public; Owner: postgres
--

ALTER TABLE ONLY public.utente
    ADD CONSTRAINT utente_email_key UNIQUE (email);


--
-- Name: utente utente_pkey; Type: CONSTRAINT; Schema: public; Owner: postgres
--

ALTER TABLE ONLY public.utente
    ADD CONSTRAINT utente_pkey PRIMARY KEY (id);


--
-- Name: articolo fk_articolo_utente; Type: FK CONSTRAINT; Schema: public; Owner: postgres
--

ALTER TABLE ONLY public.articolo
    ADD CONSTRAINT fk_articolo_utente FOREIGN KEY (utente_id) REFERENCES public.utente(id) ON DELETE CASCADE;


--
-- Name: cliente fk_cliente_utente; Type: FK CONSTRAINT; Schema: public; Owner: postgres
--

ALTER TABLE ONLY public.cliente
    ADD CONSTRAINT fk_cliente_utente FOREIGN KEY (utente_id) REFERENCES public.utente(id) ON DELETE CASCADE;


--
-- Name: preventivo_item fk_preventivo_item_preventivo; Type: FK CONSTRAINT; Schema: public; Owner: postgres
--

ALTER TABLE ONLY public.preventivo_item
    ADD CONSTRAINT fk_preventivo_item_preventivo FOREIGN KEY (preventivo_id) REFERENCES public.preventivo(id) ON DELETE CASCADE;


--
-- Name: preventivo fk_preventivo_utente; Type: FK CONSTRAINT; Schema: public; Owner: postgres
--

ALTER TABLE ONLY public.preventivo
    ADD CONSTRAINT fk_preventivo_utente FOREIGN KEY (utente_id) REFERENCES public.utente(id) ON DELETE CASCADE;


--
-- PostgreSQL database dump complete
--

\unrestrict Yb8OXadImbHZVJCkzoqad4tbfemDydlD3pFnYRUrOviIPxi8TnLSqrxzDRBn0cW

